link,recordID,timestamp,pwa,cer,fulltext_org,pageUUID,editionUUID,titleUUID,editionId,familyId,newspaper_page,newspaper_edition,lplace,location_name,location_coordinates,sentiment
http://www2.statsbiblioteket.dk/mediestream/avis/record/doms_aviser_page%3Auuid%3A55ee5f45-7189-4f82-a2ba-a16fec322eba,doms_newspaperCollection:uuid:55ee5f45-7189-4f82-a2ba-a16fec322eba-segment_2,1790-01-01T01:00:00Z,53.6,0.464,"Brækning z, Bylder z, Eolica z, Druknet 19, Dræbt sig selv i, Durchlob 15, Dsdsodt 11, Engels Syge 1, Folden til Dsde 1 8 , Feber 62, Flekfeber2, Flod 1, For- kiolelse icz, Forraadnelses- Feber 2z6, Forstoppelse 7, Frisler z, Galdcfebcr 28, Gevcxt 2, Gicht 42, Gunl« set 4, Halssyge 7, Hastig Dod 14, Hidsig Feber 101, Hikke l. Hoste 5, Hovedsvingel 1, Hovedvee 6, Hængt sig selv 4, Jhielskudt sig 2 Jhie flagen z. Indvortes Svaghed z, Inflammation 72, Kighoste 9, Koldfyr 20, Kopper 323, Krampe, Kræftz, Kulde4, Langvarig Svaghed 2 , Lungesyge z , Mavekrampe 2 , Mavepine 4 , Modersuge 5, Nyfodt i, Nærve,yge 19, Obstruction 2 , Ormefebcr i4, Ptcurisz, Rorelse 1, Skarlagensfeber 1 2 , Skiæver 1, Skisrbug z. Slag (mee4 Dorn) 61 5, Sprinkler 8, Steen x, Sting 5, Stikflod z. Svindsot 74, Trodske 7, Tænder 79, Tærende Syge 488, Udflet 1, Uangivnc Svagheder 505 , Ulykkelig Hændelse 8, Batter« sot iSZ, Bark 1, Arepine 1. AVERTISSEMENTS, iden næste Bckicndtgiorclse (sce dette Aars Kiobenhavnsse Tidende No. 60. og Nyeste lærde Efterretninger No. 19.) ere solgendc Boger skienkcdc til HolumS Skole > Biblio« thek i Island af: Hr. Professor Sahl, hans egne Arbejder, eller Novum Teftam. latiiium , 2 Dele ; Ciceros Lære om Plig« terne, 2den Udgave; Ononiatologia giæca avchæo- logica; Homeii lliad. rhepfodia prima &c. ; Epic- teti enchiridiøn giæc &lat. ; Herodoti hiftoiini um lider fecundus (Euteipe) , Systematiske Begreb cf den gamle græsse Hclcehistorie; ldor. Elaoc. clo sire poetica &c. adj. Aiiftotelis de poecica c. no'is <&c.; Evicrcrs Haandbog fordansset. Hr. Casiellet-Contoir-Chef Meyer, Gcbhardi og Cbri stiani Danmarks, NsrgcS og de Slesvig -Holsteenski Hertugdommers Historie, 1 0 Dele. Hr. Boahandler Paulsen, Continuationcn af Hr Kammerherre Suhms Samlede Skrifter, nemlig zdi, og 4de Deel. Kiobcnhavu, den 24de December 1789- Sven Paulseip profts Doghandling paa Dorfcn er fra Pressen udkom men: Betcenkninger, om hvorledes store Stæder, o< i Særdeleshed Ridcnhavn, bcqvcmmcst og sikkerst knnd være at forsyne med de sornodne Levnetsmidier af alle Slags saalcdcs al hverken Mangel eller upasselige hoic Priser kund være at befrygte, asJnspcctcur Trojel paaAnncbcrggaard Odsherred, a 14 si. og heftet x Mk. (Kaljmann, om de kraftigste Midier, vcd hvilk « VU- man kan bibringe Born Religion , oversat as der Tydfle , har nyeliq forladt Pressen og sælges hos Uni versitelsboghandler proft paa Borsen for z Mk. paa Tryks vg 4 Mk, K si. paa Postpapiir.",doms_aviser_page:uuid:55ee5f45-7189-4f82-a2ba-a16fec322eba,doms_aviser_edition:uuid:7af09583-8dfa-4850-8f3f-8fd06d4350c8,doms_aviser_title:uuid:d2fb0e80-4d6a-40a2-8b85-02f40b298372,berlingsketidende 1790-01-01 001,berlingsketidende,4,1,København,No\nSahl\nOdsherred\nSlesvig\nFolden\nIsland\nAars,"8.31789315769,56.1120215288\n8.83421544493,56.4840906068\n9.63512318155,56.3365692485\n11.560073765,55.88773288\n10.0473406515,56.6761094867\n10.4427103213,57.5228377128\n9.91011618776,56.2017511801\n8.66884927398,56.9567290036\n9.51368182691,56.8025344518",-28.055555555555596
http://www2.statsbiblioteket.dk/mediestream/avis/record/doms_aviser_page%3Auuid%3Afe05984b-019a-4dfd-bb9e-0c38a7300a39,doms_newspaperCollection:uuid:fe05984b-019a-4dfd-bb9e-0c38a7300a39-segment_2,1790-02-15T01:00:00Z,48.8,0.512,"Mandagen/ den 1 5de Februarii.\nAf disse Tidender udgives ugentlig 2de Stykker ved Brødrene Berling.\nConstantinopel, den 8de December. Dersom man kan antage der Svar for tilforladeligt, som Porten, efter Sigende, skal for nyeliq have givet nogle her varende fremmede Gesandrere, saa synes Forliger imellem Porren og begaeKeifcrhofferne at vare endnu langt borte ; rbi førsimrvntes Ministre skulle have forsikret, ar Porren ikke vilde giore et Skridt, som var stridende imod Sverrigs Jn» tercsse, og aldrig sili-tte nogen separat Fred. Der heder og, ar Porren lover sig meget af den imellem Preussen og Pohlcn stuttcnde Alliance, der korde udvirke en Diversion, som kun- de komme Porten til Gavn. Imidlertid er det og vist, at mange Lemmer af Divanct ønste Freden afHiertet, saa at Sagen maae snart blive afgjort. — Rustningerne til ncrste Feldtkog, som man her seer, bcstaaer deri, at nian arbejder i Arsenalet, for at reparere Krigsskibene og sarte Flaaden i Stand igjen til at kunne lsbe ud; at man opkiøber Krigs- ammunition og forsender den tilAdrianovel tilligemed de sam< menbragrc Tropper, der ikke yttre synderlig Lyst ril Krigen. Almindelighed onskcr Folket nu Fred. For nogle Dage siden havde vi her et Opror, der rejste sig af Brodmangel i et af Starens LLvarlerer. Men Eaimacanen dampede det ved sin Narvarelfc, lod zo afHovedmandene nedsable af sine medhavende Gardere og de øvrige adsprede. SOian frygter for , at dette Opror er Forbudet for større Uroc« ligheder. Besynderligt er det , at man kun her i Hvvestaden seer Krigsrustninger , men ikke i Provindserne. — Man taler vel endnu stedse om Sultanens Afreise ril Adrianopel, men adskillige troe , al den neppe vil gaae for sig , da hans Narvarelse i Hovedstaden er saa hoir nødvendig , for ar af- varge et Folkevpror. — Fra Waliachict ere indløbne sørge- lige Efterretninger , og man vced nu , at Bncharest er bleven besat afiZsterrigerne. Man kroer og , at Bender vil overgive sig. Holpodaren af Wallachiet er i Fare for at miste sil Ho- ved , da Sultanen er meget opbragt imod ham.\nConstantinopel, den i;dc December.\n(Over Italien.)\nSkorherren havde vel bcstutter , at begive sig til Adriano« pel og derfra ril Armeen, for ar forsøge et nyt Feldttog; mut omcndskionl Folket syntes i Begyndelsen at billige denne Be« sigtning, saa har der dog siden forandret sin Mening og bo« gyndr at knurre. Slorherren, heder det, maae ikke satte sit Liv i Fare , eller forlade Hovedstaden. Hs. Hoihcd er all« saa derved bleven bcvagct til at lade alle Tanker fare om sin Afreise, hvoraf man dog ikke kan siutte, at Freden skulde blive en Følge. Eftcrat adskillige RaadSsorfamlinger vare blevne holdte , er der udstadt en umiddelbar Befaling til alle Otlomanniske Gejstlige, at betale det meste, de kunde, til Krigsomkostninger, saasom Krigen er bleven erklaret for en Religionekrig. Den Turkiste Gejstlighed har ikke allcne l»« ver at adlyde, men endog forbundet sig til at levere ufortøvet 5 Millioner Piaster til Skatkammeret. Disuden er der gi« ver Ordre til at anstaffe en stor Forraad af LevnetSmidler og KrigSfornødenhedcr , paa det Armeen strap i Begyndelsen as tilkommende Foraar kan marchere i Feldten. Man forsikrer og , at Porten har flutter med en anseelig Magt et hemmeligt Forbund, og vil efter sammes Forstrist regulere Betinget« ferne , naar Freden engang ffulde paafslge. Cadix, den 8de Januarii. Toc af vore Fregatter og en Pakelbaad, som havde seilet fra Sydsøcn mod Norden, kom indtil den 6o Grad. Da de veddet« Tilbagekomst vare paa den 54 Grad, fandt de et Russist Etablissement, Donna Laska kaldet, fra hvilket de bekom alle Sorter Forfristninger og LevnetSmidler. De gik herpaa ril den 49 Grad til den Havn, som Spanierne kalde Sr. Laurent, og fandt der 2 Amcrikanste Skibe, som fore« gave, at de tilhørte General Washington, hvilke de lode »forhindret, afseite ; menetPortugisist og Engelst , som de ligeledes fandt der, borttoge de. Siden kom nok er Engelst",doms_aviser_page:uuid:fe05984b-019a-4dfd-bb9e-0c38a7300a39,doms_aviser_edition:uuid:bf7d0405-b16a-415e-83e8-003a9f9cdda1,doms_aviser_title:uuid:d2fb0e80-4d6a-40a2-8b85-02f40b298372,berlingsketidende 1790-02-15 001,berlingsketidende,1,1,København,Lemmer\nSverrig\nKrig\nHo\nNorden\nEngelst\nFreden\nWashington\nPorten,"10.2608916764,56.3806257324\n9.0658457758,56.7572357432\n9.26238627273,54.8907965043\n8.2229602027,55.5526707867\n10.2779102718,55.1178190331\n9.06009716883,56.823916362\n10.5058911349,57.3706269022\n12.4019755185,55.8250624527\n10.1185313961,57.3524383285\n8.88758302313,54.967269548\n10.1415273607,57.3243822736\n10.3454910041,57.3653369003",-15.116666666666609
http://www2.statsbiblioteket.dk/mediestream/avis/record/doms_aviser_page%3Auuid%3Ae4d4512b-2796-43ac-97c8-e48f09997dd7,doms_newspaperCollection:uuid:e4d4512b-2796-43ac-97c8-e48f09997dd7-segment_1,1790-04-05T01:00:00Z,46.8,0.532,"7« Skibs komne i Sundst , bee's fr.% Noibføctt c« detfé fra Øftctfern. — I Lsverdags Eftermiddag kom denNcrssecg 2de Svenffe Poster hcrcil . oa efter Sigende cr Passagen iglen frie igiennem Sverrig ril Norge. Med ferste fei.lige Vmd ventes fra Gothenborg 2de Orlogs-Fregatter, i Brig oa ideCultcre, som ffal «onvoy«re26 fladbyggede Baade til Hsterssc«. ' Kiobenhavn , den 5te April. I Morgen dcn 6tc April er Ordensdag for Ridderne af Elephanten. Fra i ste April d. A. er dcn paa Varipenge standne Krigs IEanccllie-Sccrttair Christian Thomsen bestilt rit Magasin- Fcrvalrcr ved der militaire Vare-Dcpot. Ved Tal- Lotteriets 472 Trak-nng i Altona udkom: No. 80, 14. 6st, 67, 88- Fortftettclse af Lorrogtielftn paa de priismaterier og Premier, som det Ixorigciigc Da'.isse L.a»d- huttsholdittZS- Selffab udscxttcrforZlarct 1790. (Sce Tillaggcr No. 27.) Det maae m.d Anmeldelsen herom tillige bevise S, at alle Hovedlodder erc vedborligcn indhegnede , og de fornSdne Gaarde udflyttede. Ligeledes maae det erlrftS . hvorledes ter er ssrgct for Huutmceadene , enten ved T.lla-g af Jord eller Ret til Gtasning for nogle Kreaiurc m. v. Pramierne asscs inden Udgangen afAaret 1794. 5. For den Proprie- t«r i Dannemark, som giver de fi steafhans Dsndcr enren fuld Tjent om paa deres Gaarde eller Ar ve faster, hvorved det dem tilkommende Arbejde, deres Afgifter . enten i Penge eller Korn, cg Zndfastningen ved Forandring af Beboere forud ndje, lydelige« »g for bestandig er bestemt. For dcn priseligste Handling i denne Sag Selskabets fyrste Gnid Me- daiiic eller loo Ndlr. For den dsrnast dcn anden Guld-Mt« dailie eller 50 Rdlr. For den dcrnaft den trcdic Guld'Mt' dii-.lle eller 25 Rdlr. Bed Attesterne maatte Oplysning gives om Gaardcnes Beskaffenhed og Srorrelsc, og de Vilkaar, paa hvilke de ov -drages ril Beboerne . hvilket allcrrcttest kan stcc ved at indsende aukorifttcdc Kopier af Skjoderne og Arve- Fasterne: ogsaa vil Ejendoms- eller Arvesaste - Retten ril- staaes uden at andre derfor paalerggos stsrrc Byrder enten ved Hoverie eller paa anden trykkende Maade end tilforn. P' e> micrne oss.es inden lsie December 1791. 6. For den Degn eller Skoleholder paa Lander, som efter ar dcn sadvanlige Skole eller Bye- Låsning er tilende, fvr St dets A'mne, oa if.vr dens Ungdom, oplaser 'llcr giennemgaaer e> eller flere Kapitler i dc Boger, som Sclffaber har ladet trykke og ud« dele ri! Landalmuens Nytte, faafcm Agerdyrknings- eg Have- Katekismufcr og faaledes uden Forsommels« af sine Embeds- Pligter , viser dcn stvrste Flid i at bebringe UngdvMMcn gode Knndssaber cm Landbruget, en Prcmie afden fSrste Solv- Medailie eller 20 Rdlr. For dcn neeste den anden Solv-Me- daille cllor iv Rdlr. For dcn nastc den tredie Solv-Medaille eller 5 Rdlr. Disse Premier udsatlee sårskilt for hvert Gejst- ligt Stift i Dannemark. Paa samme Maadevil Selskabet sarstilt bftymik andre, som lizciedcS pi! anvende Flid xaa heri",doms_aviser_page:uuid:e4d4512b-2796-43ac-97c8-e48f09997dd7,doms_aviser_edition:uuid:9e545c21-3c36-41b0-a398-36e3d3ed27e7,doms_aviser_title:uuid:d2fb0e80-4d6a-40a2-8b85-02f40b298372,berlingsketidende 1790-04-05 001,berlingsketidende,3,1,København,Norge\nNo\nAltona\nSverrig\nKrig,"9.80491708262,56.5093821893\n8.31789315769,56.1120215288\n10.2613101156,57.5825993621\n9.0658457758,56.7572357432\n9.26238627273,54.8907965043",24.05952380952381
http://www2.statsbiblioteket.dk/mediestream/avis/record/doms_aviser_page%3Auuid%3A996510ec-0831-4ff6-91df-7a641a0b6c3d,doms_newspaperCollection:uuid:996510ec-0831-4ff6-91df-7a641a0b6c3d-segment_1,1790-04-12T01:00:00Z,43.8,0.562,"gta Evntoiret givcS »nviitiuilg hvor et lidet Partie ttlra (tob not Sade Havre er tilkiods, og ligeledes et Partie gl. Havre til billig Pru«. Vogne. En meget rien ficesadct Karet, som haenacr i giret med Jern Bomme og gor laqverc«; en god stark Rcisechuse med Iernarlee og MetalbsSmng , er ti kivbS bo« Mester Banbclv paa Sste'gad« No. 4«. En m g«? let, dog sterk vg god Chasse til i og. Heste med Jern Arler, Metal Bssningcr og videre T Ibchsr anvises fra Eontviret. En »ve rummelig engel? Karet til 4 Pcrftner, henger j Zier« »g Svanebals med smuk! Plyos betrukken , kan og rcrre g?t tieiilig at reis« med, er strar tilk.eds hod Sodelmageeme- ster Benslii > Pilcstrade No 71 1 HyrekudstcnS Gaard. Nreature. Af et bikiendt gvt S!utt«rie er falgende Heste tilkiods at bekomme: en rod Hingst 6 Aar gl , en sort Vallak 5 »ar, en graa diio 5 Aar, en sort Horvc 7 Aar, srm as.de kvsthavende behagelig kan toaeS > Oie'»n > Gaardkii kitr. T. > Amalegaden. En rsdb.iss-t Hest 8 Aar gl. 10 Qvart. hoi er tilkiokS vg anvises hos Bageren i Skindergacen No. 13. E» stor G-ed buk u)<n Horn er tilliob« i Gaarden No. 6, paa Kong-nS Nvetorv. Kobberstykker. Et n»t Kobber, al Titel: Frederik arbejder, kan saaeS i kovstrade No. »04 >str Sal. kNustcalia. Lfcer nsgle Uiusikelskei es Begiering har jeg i Sinde at udgive: >Zn Gamling af fmaa og lette Haa»r> stakker for den siinple Harp«, ifald jeg feer mig stadrslos ved Subskriprion. Samlingen , ssin vil ndgiore f, Ark i Folio , er med nøjagtigste Flid udfiSge af en erfaren Mand, fom kiender Instrumenter. For dem fom subskribere in- den MaeMaaned, bliver prisen z NIark, siden 4 Mark. Hvo som samler »o Subskribenter« faaer er tikxempiar frir. S. Ssnnichfen, boende i Adelgaden No. 308. Boger, Den Konael, Hof- eg Stats-Cakcuder kan nu bekommes i det Kvngel Bogtrykkene, »indbunden for 4 Mk, og med Omflag 4 Ml. 4 i;.; saa og Forordningerne for Aarei 1789 fer z Mk. i, fi. linder Titel af Tedst L.crfebog for Bp>rn udgaaer uge- viis et halv Ark, der ssal indebolde de incest passende og moe- rende Slykkcr > de bedste lvdste Brrncstrilter. Bladene ?al faac al den AfverliNg og Mccrsomhcd, som baade kan vare tillekkcnde for Boru , cg fem tillige kan losses uden Mishag af SEidre, der vik ove fig i det Trdste. For at lette kersNiii- gen faaer de vausseligste Ord og Talemaader Plads neden under ethvert Stykke. — Bogen bliver tvende Bind >md Titel og Register, udgaaer ugentlig 1 ret Aar, og qvartaliter betales med 24 . Det fsrste Blad udgaacr den 23 April. — Da det bcrrcr paa Substnbeitternes Antal, cm dette, men troer nyttige Blad, stal bave Fremgang, vilde te, som agte ac bc- ticnc sii deraf, jo for ld hellere lade deres Navne tegne KvS S. Poullcn , Antvliistrerdc No. 324 cg 3:3. Tanker i Anledning as der i Minerva for Ian. Maaned 1790 indeholdt« Slikke : Tl Forfairelen as Folkees Rsst om Tedsterne, faaes tilkiobs hes Bogtrykker Holm i store Fiolstrade No. 2 1 8 tor 4 st Af Foifallercii t>i Ikkun Tanker er ndZivet et Skrift",doms_aviser_page:uuid:996510ec-0831-4ff6-91df-7a641a0b6c3d,doms_aviser_edition:uuid:13172efe-3863-4034-b81f-0533c263055e,doms_aviser_title:uuid:39fa5737-c2a9-4d5a-988e-c260f24cd76b,adresseavisen1759 1790-04-12 001,adresseavisen1759,7,1,København,No\nHorn,"8.31789315769,56.1120215288\n9.70910567749,56.2526455119",49.071873015873024
http://www2.statsbiblioteket.dk/mediestream/avis/record/doms_aviser_page%3Auuid%3Acf2b3291-891d-499b-9d5b-e6952732f9c5,doms_newspaperCollection:uuid:cf2b3291-891d-499b-9d5b-e6952732f9c5-segment_1,1790-04-16T01:00:00Z,43.4,0.566,"tfit Veflrivningtr over Manufaktur-Vare kan ikke L-'.ve saa oplysende, som naar af de i saadan en Bf« handling omtalte Dare inedfolger Prover, hvorom Selflabet derfor anmoher, da det haver foresat sig al samle Prover fra dfc besie ndenlandffe Man utak' turer, hvoraf enhver enten Fabrikant esser Handlen, de kan ojensynligen om Forffjellen blive underrettet. Selflabet modtager og belonner Prover fra enkelte udenlandske Fabriker med tilhorende Underretninger: th-i det indseer, at det vil blive besværlig! for nogen, <U indsamle P rover og Underretniisg fra alle. Pro« verne maae være af fuld Brede, og af den Længde forusdent, for at kunne see Mynsieret. De Bekost- niuger, som maatte vod saadan Lejlighed forvoldes, vil Selflabet, naar de ere billige, desuden med For- nsjelse gotgiore. Selflabet modtager og belonner og« saa Afhandlinger om enkelte Slags Vare, saasom Klæde især m. v. Underretningen indsendes inden Ok« tober MaanedS Udgang 1790. . Hoved -Næring passer sig i Særde, keshed for en eller anden Kjobstæd i Dannemark frem for hos adflillige andre, hvor den nu drives: ved hvilken Hoved -Næring, eller om det var flere end een, fluide en esser anden Kiobsiæd snarest kunne op, hjelpes, mm dens naturlige Beqvemhed og mueii« «e Sammenhæng med Landet, indenrigfle Steder og fremmede Laud? derved noje toges i Betragtning: hvorledes kan en saadan Næring nemmest og lempe« ligst ledes til saadant et Sted uden sirax merkeli, gen at svække de Stæders Næringer, som bruger samme, eller derfor at betage nogen Borger, som dri, ver dem, sin Ret dertil, og hvilke ere de Rærinaer, som især behevcr denne lokal Bestemmelse, fordret at kunne komme i Vejret, og Stæderne med dereS Borgerskab til en deS visset-e Flor, Velstand og Styr« ke ved Næringernes statssuldkomneste Drift og An, vlisning ti! Ctæderue. Fsr den besie Afhandling heroin giver Selflabet sin tredje Guld-Medaille cl, ler 25 Rdlr. For næst beste den forste Sslv«Me» dnille eller 20 Rdlr. Samme Premier udsætter Gel« flæbet for decre EporgsmaalS Besværing, paa lige Vilkaar, 1 Henseende til de norfle Kjobstæder. Skul« de en Afhandling i denne betydelige Sag vært af besynderlig Vigtighed, vil Selflabet forhoje Premi« en. Ved Hovez -Næringer forstaaer Selflabet saa- danne Næringer i Konster, Fiflerier og Handel, som Lr at andre Binæringer, som kan fortlene ved dem, indtil Skrædere og Skomagere, sætter sig need paa et Sted, især mechanifle Konsinere , som udfordrer for deres Malmalter og arbejdede Vare let Trans- port, o erflodige, rindende og gode Vande, endog Vandfald, let Ildebrændsel m. v. i som arbejder paa Speculatton og i det store: og afsætter deres Vare og saaledes: som derfor hehoyer stort FsWt, lang",doms_aviser_page:uuid:cf2b3291-891d-499b-9d5b-e6952732f9c5,doms_aviser_edition:uuid:dc32e9cb-f22f-494a-979c-45eca6e036f8,doms_aviser_title:uuid:39fa5737-c2a9-4d5a-988e-c260f24cd76b,adresseavisen1759 1790-04-16 003,adresseavisen1759,4,3,København,Brede,"8.81451641903,55.0613307497\n12.5004873959,55.7965531278",31.77034523809523
http://www2.statsbiblioteket.dk/mediestream/avis/record/doms_aviser_page%3Auuid%3A1050f67c-31ba-4dbb-94aa-e74ec006b864,doms_newspaperCollection:uuid:1050f67c-31ba-4dbb-94aa-e74ec006b864-segment_1,1790-05-07T01:00:00Z,51.1,0.489,"Strømperne ere den indsendte Prøve fuldkommen lige ; at Arbejdet er gjort i Aften-Timer eller paa anden belejlig Tid , uden ak være Agerdyrkningen til Hinder : nden hvilke Om« skændigheders nøjagtige Anførsel Attesterne ikke vil komme i nogen Betragtning, b. Dersom nogen Proprietair eller an- den anseelig Person paa Landet maarte vise sig saa crdelmodig at sec Selskabets Hensigter heri opfyldte, encen ved gode Raad eller ved Opmuntringer eller anden berømmelig Om> gang med deres Underhavende til Befordring afdenne Flid; saa vil Selskabet giore sig en mcrkclig Fornøjelse af ar belønne saadant med Medaillcr efter enhvers Fortjeneste naar der der- vm underrettes, c. Samme tilsiger Selskabet og den eller de Kjsbmænd i Kjøstæderne, sompaa enmcrkelig Maade gjør del let for Almuen , at den til belejlige Tider i smaae Mængder vg for billige Priser, kan erholde de Sorter Her tilkiobs (indenlands? , isar naar den er gvd, eller fremmed) som man til de fine Strømper finder at vare fornoden. 67. Da der er bekjcndt , at der forbruges store Summer sor fremmede Far- ver til Bondens uldne Kiader og Vadmel, som kunde bespa- res kil Fordec! for Landet, endog kun ved at betjene sig af den asNaturen farvede Uld, saa udsattes for Dannemark og Norge følgende Premier : Forben, som forfærdiger, eller lader forfærdige , det meste og bcste uldne Tøj til Bonder-Klader , Vadmel eller ander as sort , bruun og graae Uld, eller as disse, jirligen blandede med hvid Uld. For den største Mængde, ikke mindre end 100 Alen , Selskabets første Sølv-Medaille eller 20 Rdlr. For den næst største Mængde, ej mindre end 6c>Alen, detsandcn Sølv-Medaille eller ivRdlr. For den næste Mængde, ikke mindre end 40 Alen, 5 Rdlr. Det «aae bevidnes , at de forfærdigede Vare cre saa mange som de angives, at de ligner Prøven, svm bliver indsendt, sg at de tre forfærdigede i den ommeldte Hensigt Prcmicrne æskes inden sidste December 1791. 68. Da Selskabet nu ikke længere tvivler paa , at der saa kaldte RyslædcrS eller Jugtcrs Til- bercdr.ing kan fkee hoe os , egisæriNorge, ligesaavcl som i Rusland, da det fornemste afKonsten bcstaaer i Dirke Oliens Anvendelse, saa udsætter det følgende Premier: For den, som i Norge tilbereder det meste og bcste saa kaldte Ryslæder , som kammer del Russiske nærmest saavcl i Henseende til Lugten , som øvrige gode Egenskaber, Selskabets 2den Guld-Mcdaille eller zvRdlr. Premien æskes ved Prøvens og Attesters Ind- sendelsc inden Oktober Maaneds Udgang 1791. Naar Fabrikation er jkeet sabrikmæsflg i en Kiøbsted, gives dels Jugter Fortrin frem for de , som maattc være fabrikerede paa Landet, naar saavel den fabrikerede Mængde som Godheden er den samme. 69. Da Stole -Betræk af Hestc-Haar har sundet Smag her i Rigerne, og ere baade smukke og stærke, føi:cs ikke vanskelige ar væve, men cre hidindtil indførte fra fremmede Steder, saa, for at forhindre eller i del mindste formindske Indførselen as andre SlagS Betræk, udsætter Selskabet sin første Sølv-Medaille eller 20 Rdlr. , for den størst« Mængde Stole -Betræk af Heste -Haar, beviisligcn forfærdiget her i Rigerne , hvilken Prcmie Selskabet dog efter Mængden vg QualimenafVarene ester Omstændighederne",doms_aviser_page:uuid:1050f67c-31ba-4dbb-94aa-e74ec006b864,doms_aviser_edition:uuid:55ea5aba-b680-4939-b896-b779389eb414,doms_aviser_title:uuid:d2fb0e80-4d6a-40a2-8b85-02f40b298372,berlingsketidende 1790-05-07 001,berlingsketidende,14,1,København,Norge\nRusland,"9.80491708262,56.5093821893\n12.3998072913,56.0853826198",62.812249999999985
http://www2.statsbiblioteket.dk/mediestream/avis/record/doms_aviser_page%3Auuid%3Ad4a1ed69-b805-4830-b50c-ee8e40f758ee,doms_newspaperCollection:uuid:d4a1ed69-b805-4830-b50c-ee8e40f758ee-segment_1,1790-05-14T01:00:00Z,47.3,0.527,"tft for Fremtiden kan raades Bod paa det« store Onde , alle- roved at aflede Vand. t ved rilsirekkcligc Grofter; saa udsat« tes følgende Premier: For den Odels« eller KongSbonde i Farøe, som fra denne Liste« Bckjendgjørelse indtil Esrerhø- sten 1791 graver de fleste foisearlige Grøfter kil staacnte Vands fornødne o« tjenlige Afledning fra ?i«rc . Enge el'cr Murer, For den største Mangde, zo Kroner. For den naste , l 6 Kroner. Fordcnnaste, 12. Kroner. For den følgende, 8 Kroner. Og endelig for den nastsolg nde , 4 Kroner. Udi Attester, fem maatreverre nrjaglige cg paali- dclige oasendes med Host- Skidene 179 1 ventes fuldstandig Efterretning ej ailcue om Grosrerncs Langdk, men og om deres Brede og Dydde , samr om det fra Vand fes. iede S an« ke Lands ongefarltge Størrelse , og hvortil man samme her« efrer agter al bruge. Naar flere Lodsejere , hvis Navne eg Antal « Attesterne tvdeligen maae meldes, med forenede Krafter arbejder herpaa, kan de efter Omstoendighedernc og Eaaen? Vigtighed vinde enten hver sin eller og tilsammen een Premte, som da bliver ak dele imellem dem i Forhold lit enhvers Andeel i Arbejdet. Arresterne maae tillige forklare , ar der ved st'ce Arbejder dog er sørger for ai beholde eller indrette de for Kreaiurcne fornødne Vandings-Steder i Mar« kerne, vaa der ingen Vand -Mangel herved i Tiden sknide foranlediars. ( D sse Premier udsattes af Hr. Etarsraad Wilhelm August Hansen.) 79. For den Bye i Aastrup Sogn, under Carlsfelts GodS paa Falster . hvis Rug S»d hidiurtil mcrkelig har varer bessngc med de saa kaldede polske Btkker fen Art meqer skadelig og deri Landet mere og mere overhaand- tagende Ukrud) , og scm herefter saalcdcs lcager Vind paa at Udrydde samme. deelS ved at anikaffe sig rcen Sade-Nug , deels ved ar udlugc dette Ukrut af Agrene , ifald der enren ftul- de have indsneget sig i Sadckorner, eller ligger forborgen i Glødningen eller Jorden, at deri den hele Byes Rugmark ikke findes nogen polsk Vikke, paa den Tldde blomstrer, nem- lig i Juli Maancd 1 790 udsattes en Prcmie af2oRd. For ar kunne nyde Deel i denne Prcmie, maatie hver Mand i Byen i der mindste have saaer 2 Tsnder Rug. Premien askes inden iste December 1790. (Denne Premie, hvil« kenHr. Pastor Bjcring i Mofebyc paa Falster som el Agrel- sesrrgn af Selskabet haver erholder « bliver her igsi u af ham udsat.) 8o. For den Gaart- eller Huusmand i Lister Provsti? i Norg?, som indevarendc og tilkommende Aar avler, og ril ar kunne spindes , tilbereder den største Mangd? Liin eller Hør , udsattes en Premie af 20 Rdir. Prøver af Hørren, lkke mindre end 4 Pund , maae indsendes til Selskabet inden 31 December 1790, og da Hørrens Godhed fornemmelig ved Premie-Tildrmmelsen vil komme i Betragtning: saa maae den, som indsendes til Prøve, allene vare vel brudt men ikke hegler ; ligesom Prcnne-TEskningen maae vare gelcj« det af troevardige Ar tester, der bevidner saavei Mcengden af den avlede Hør, som Prøvens Overeensstemmelsc med den øvrige Avl. Huusmand kan samaske med den halve Deel mod Gaartmand. (Det er Hr. Provst Bugge til Vand« søt, som udsalter denne Premie ) (Fsttsirttelsen følgex i uaste No.)\nSnkdagen den 12te Mask begyndt« det Kongelige Kiøbcn havnske Skydeselskab og Danske Broderskab sine sadvanliqe Skyde -Hoclser for i Anr, da Fugle-Kongen, Hr. Hofbog, iipkter Møller » junior, gav sin Skive og Sølv -Premier, som fordeste Skudii'saldt: Tobak?-. rabriqrieurHr. Auausii- nus den forstc Prcmie, en moderne Spslkumme; Hr. Etats- raad Høst den anden, cnRagou-Skee; og Juveleren Hr. Triic dtN trcdie, en Medaille.\nYixance: Sognekaldet til Aakiar paa Bornholm , 500\nRigsdaler.\nD4de.\nKiobenhavn den 9de Maji: Hr. Pebet Larsen Humbles Hustru e Mad. Anna Elisabeth Humble fød Holm , 50 Aar. D u 1 2 re hujuS: Johann Christian Trøster, Fuldmagtig i General-Posianucrs Danjke Sekrerariars- og Revisions« Kontor. Vexel-Lours, deniileMaji. London 2 MaanedcrS Sigt 6 Rd. 69 si. pr. Livr. Sterl.\nParis 2 Masu. Dato 24 si. pr. Stat. tvurn. Amsterdam i Beo. 2M. Dato 1 4 Dages Sigt Diro i Coaranl 2 Maan. Daro 144 14 Dages Sigt 144 Hawb.ogAltona 2 Maa. Dato 1 54 14 D.ge« Sigr 155 pr. Cent.\na\nAVERTISSEMENTS. Qp ster et kert, me« høist smertefuldt Sygeleie, har det beha- ger Forsyner, ved Døden at bortkalde min »forglemme« lige Mand , nu Sal. Hr. Christian Friederich Haxthausen, Kammerherre, Gcnccaladjurant og Premier Major ved Hu« sårerne, i sir 37 Aar. Hans gode Hjerte og redelige Sinde« laug imod alle jorvisser mig om , at enhver, som kiendre ham , rager venskabelig Deel i niin store Sorg og der for mig og de efterladte Børn saa smertefulde Tab. Dette haver jeg den TE re at bekiendrgiøre Familien , hans og mine Venner. For ikke ar ulejlige dem med Condolaiionsbreve, frabedcr mig samme, og dernnod udbeder mig enhvers Venskab. Rocskilde, den 1 ase Maji 1790. Ide Margrethe Haxthausen, fød Baronesse as Rnurh.\nHsaa Gaden er afvigt« Rat fundet vg derfra opbragt et Pige« ¥ barn , der kalder sig Sidsel Kirstine yciimngsdatter , siger at vecre >2 Aar, og en Datter af Henning Andersen, som, i de» Bye, hvordan, ude 1 Sydland , boer .ringer Klokkerne > Men duu kan eller v»l i ovrig- ikke give Oplysning om sit LErcnde, Pyen hendes Fader boer i, eller hvad v'dcrc hun sporges; har vg An- teende t>l , a: have -Mangel paa Forstanden. Fvralbre eller Husbond, hvem detre Q-vliidemeuueikc, lem er liden af Vext, iklirdt et redt Livstykke med grønne Crmcr , cu gammel stribet Klckke med rodc Kanter, ct rodlerncl Zorklade , en Kyse, et Korsklæde paa Hovedet, samt er ganimelt trykker Torklecde om Halsen , paa Benene blaae uldene St-omper og et par Tester, — crgaact borl fra, eller indsendt af, anmedeS, saa hastig muelig, atasserdcc hende, som til videre ssal blive i Arresten. Pvlitlekammcrct i Kidhtuhsvn, den »Ue KZaii >?»>p. Flinvr, Politicmester,",doms_aviser_page:uuid:d4a1ed69-b805-4830-b50c-ee8e40f758ee,doms_aviser_edition:uuid:bbda747b-474c-4478-95f4-544e6bc18a10,doms_aviser_title:uuid:d2fb0e80-4d6a-40a2-8b85-02f40b298372,berlingsketidende 1790-05-14 001,berlingsketidende,4,1,København,Vind\nNo\nBrede\nKyse\nSkive\nRat\nHovedet\nAastrup\nHalsen\nAmsterdam\nJorden\nBornholm\nHumble\nFalster\nParis\nByen\nSkee,"8.56361492017,56.2589837916\n8.31789315769,56.1120215288\n8.81451641903,55.0613307497\n12.5004873959,55.7965531278\n11.62814566,55.2734025325\n9.02680022164,56.5651008848\n9.02574006174,56.5614625393\n10.7165553117,54.7318893306\n10.6584180146,55.4698770187\n11.3875731915,55.651792334\n11.3679861243,55.1982157372\n10.2899515737,55.4528008246\n8.56856581953,55.2736102362\n11.8031964271,55.6205052562\n8.86881638136,56.5220633427\n9.30609665132,55.7166169996\n10.5627657297,55.1537190911\n12.0360433992,55.8748310761\n14.9152398707,55.1871940445\n8.20659333574,55.8883604096\n10.6966361583,54.8282791306\n11.8992910001,54.8501919833\n8.48985059238,56.5142124559\n8.39276925385,55.4329764527\n11.7837289173,55.5285019274",6.531481481481492
http://www2.statsbiblioteket.dk/mediestream/avis/record/doms_aviser_page%3Auuid%3A1258d525-f366-4e5a-b53c-eff8d91704e0,doms_newspaperCollection:uuid:1258d525-f366-4e5a-b53c-eff8d91704e0-segment_1,1790-06-01T01:00:00Z,42.1,0.579,"Skibene 1791 ventes fuldstændig Efterretning ej al- lene om Groflrrnes Laengde, men og om deres Bre- de og Dybde, samt om dec fra Vand befriede Stykke Lands ongefarlige Htsrrelse, og hvortil man samme herefter agter ac bruge. Naar flere Lodsejere, hvis Ravne og Antal i Accesterne lydeligen maae meldes, med forenede Krafcer arbejder herpaa, kan de efter Omstaindighederne og Gagens Vigtighed vinde enten hver sin eller og tilsammen een Premie, som da bli- ver ac dele imellem dem i Forhold til enhvers Lin- deel i Arbejdet. Attesterne maae tillige forklare, at der ved stige Ardeider dog er sorget for a-t beholde eller indrette de for Kreaturene fornedne Vandings Steder i Markerne, paa det ingen Vand - Mangel herves l Tiden ftulde foranlediges. Disse Premier udsaltes as Hr. Etatsraad Lvilhelu, August Hansen. 79. For den Bye i Aastrup Sogn, under Carls- felts Sods paa Falster, hvis Rug- Sad hidindtil merkelig har vaner beftrngc med de saa kaldede polste Vikkel (en Art meger stadelig og der 1 Landet mere og mere overhaandcagende Ukrud) , og som herefter saaledes legger Vind paa at udrydde samme, deels ved at anjkasse sig en reen Gade- Rug, deels ved at uvluge deicc Ukrudt as Agrene, ifalo der encen stul- de have indsneget sig , Sadekornel, eller ligge forbor- gen i Gj-dningen eller Jorden, at der 1 den hele Byes Rugmark ikke findes nogen polst Vikke, paa den Lid de blomstrer, nemlig i Juli Maaned 1790 udsattes en Prmie af 20 Rdlr. For ar kunne nyde Deel i denne Premie, maarce hver Mand i Byen 1 del mind- sie have saaec 2 Tender Rug. Premien aftes inden isie December 1790. Denne Prcmie, hvilken Hr. Pastor Vjering i Mose- bye paa Falster, som et Agtelses - T-gn af Selska- ber haver erhvldet, bliver her igjcn af ham udsat. gu. For den Gaard- eller Hnnsmand i Lister Provstie i Norge, som indeværende og tilkommende Aar avler, og til al kunne spindes, tilbereder de« sterile Mango- Lim eller Hor, udsattes en Premie af 20 Rdlr. Pr-ver as Herren, ikke mindre end 4 Pund, maae indsendes til Gelftabec inden z> De- cember 1790 og da Horrcns Godhed fornemmelig ved Prrnue . Tilde mm el sen vil komme i Betragtning : saa maae den , som ind, endes ri! Provo , allene va- re ve! brudt men ikke hegler ; ligesom Premie - 2£|r» nu, gen maae vare gelejder af troevardige Attester, der bevidner saavel Man g den af den avlede Hor, som Provens Overeens, iemmelse meo den wige Avl.",doms_aviser_page:uuid:1258d525-f366-4e5a-b53c-eff8d91704e0,doms_aviser_edition:uuid:fa47f642-6001-4330-93dc-00d550855c17,doms_aviser_title:uuid:39fa5737-c2a9-4d5a-988e-c260f24cd76b,adresseavisen1759 1790-06-01 002,adresseavisen1759,3,2,København,Norge\nMose\nVind\nJorden\nAastrup\nGade\nFalster\nByen,"9.80491708262,56.5093821893\n11.709470024,55.7678578511\n8.56361492017,56.2589837916\n12.0360433992,55.8748310761\n11.8031964271,55.6205052562\n8.26792899941,56.2212624075\n11.8992910001,54.8501919833\n8.39276925385,55.4329764527",-0.830138888888908
http://www2.statsbiblioteket.dk/mediestream/avis/record/doms_aviser_page%3Auuid%3Abdec7692-ac38-4b0c-8a05-089bd0b59435,doms_newspaperCollection:uuid:bdec7692-ac38-4b0c-8a05-089bd0b59435-segment_1,1790-08-13T01:00:00Z,47.4,0.526,"Sveaborg , hvor vor Flsade, ftm i Besy'crlighed har lidt paaMasterog Tovgvark bliver reparerer. Imidlertid synes dcz Loeftftr:egetar»are sturrcr for i A ar. W-irffau, den Z i re Julii. Sen store Ryb> d, fomvihcrhavc, cr, arderiReichen- bach er d?n 27de hujus blevon undertegner cn Eonvenrion ril Freden« V'dligchold-lft imellem Vsterrigc 09 Preussen, 09 lil at udvirke cnalmintelia Fred fo> de h igende M agter. O sti-rige giver Port n de giorke El obrinaer tilbage, sender Russerne ingen vi ere Hie'v mod Tyre ene, »nu b. holder Chocz m saa lcenge, indtil Tyrkerne kunne blive i Stand til at tage den i Besiddelse, hvortil Russerne for det ftrste vel ingen Tiid torde give dem. Paa cn almindelig .fred stal der blive arbejder ved Eongressen i Buch arest. — Breve >ra Grands.r« nc as2 2tc hujus melde, at erEorv. 9 -rer riger har ved Ibra« hilew ganske slagel el Derachemcnr Tyrker. Den Tyikiste Fiaade besinder lig paa narveerendc Tiid ved Erini , og synes akville ncerm sig Sewastoxvl. D.n R»»!ske Armee march.« rer ligefrem i W..ll chier; og den 22de ere neale lOLoCos.ik- ker passerer Bog og rykket ind ide Oczak, wske ørkener. 'Wien, den Z 1 te Julii. Efterretningen om at Kredspraliminarierne med Preussen ere den 27de hujus bleven undertegnede i Reich nbach, har her foraarsagcl megen Følelse, og cr G> »standen for alle Samtaler. Dog er hidindtil endnu intet bleven offentlig bo- kiendlgiortasbeBetingelser under ()-'i ke freden har sundet Sicd. Efter Rygtet giver Ass-' rige Porten alt del erobrede tilbage, hvilket sikkert ndgiør saaincget som hele Kongeriget Ungarn. Mange ville derfor« endnu ikke foessc Troc dcrril og sige. ar deru kunde kuns ester er ulykkeligrFeldrrog vare ble« ven indgaaer; men Sagen cr nu saa, og de Herrer 2 yrker kunne derfor afirag? deres Taksigelser hos Ungarerne og Bra« bankerne. Den Ungerffe Landdag bar sendt 7 C..va!ier.rS Navne li' Kongen med den Begiarina: ar a?e. Majesisl maatte af samme valge -n , som kunde besørge Unganis Interesse ved den m'd Tyrkerne holdende Eongrcs ; mcnHs.Maje st-r svarede: at det rar nu for silde, saasom man all rede rar bleven enigmed Preussen om Betingelserne. Disse Or indeholde tillige denne stilnende B.brcidclse for Ungarerne : Hav> dc J Herrer tilforn bedr overvej r Ed re eget Beske cg ttfc fer K oninaen n ågrer a U idcrsisticls afP.nge , R k vlier og Korn . saa havde n>» ikke havt nodig ar stune Fred. Jlke dcstemindre ftygr-r man for , ar Savn ns Tilbagegirclse l orde opv-kkc megen Misforns, Ise i Ungarn; og da Sagerne med Rnslano endnu ikke ere afgioi re, saa vil mange endnu ikke ansee øreten for saa aandjke fast. — D cn Preussiske B fnlb- magrigadc , Grev Lu si stal med der første konuie ti'. Bncha- ressftr at overlægge Ui.de> handlingerne m d Ty kerne cg ud- virke Fred. Andre forsikre dog, at han skal rcisc lige ili Srcr- visircns Hovedq arner, saa der cr ar befrygte, ardetimid- lertid vil komme ril noget asgisrcndc im.llcm Prindsen as Eo- burg og Si orvjsiren, og derved blive udgyder Blod ril ingen Nytte. Storvisiret' skal ved Braila vare gaaer over Donau med enAkmeeas iZvvvvMand, hver Prmdftn afEvburg",doms_aviser_page:uuid:bdec7692-ac38-4b0c-8a05-089bd0b59435,doms_aviser_edition:uuid:985aa27c-6c57-4bca-9267-dfab388ce451,doms_aviser_title:uuid:d2fb0e80-4d6a-40a2-8b85-02f40b298372,berlingsketidende 1790-08-13 001,berlingsketidende,3,1,København,Freden\nPorten,"10.5058911349,57.3706269022\n12.4019755185,55.8250624527\n10.1185313961,57.3524383285\n10.1415273607,57.3243822736\n10.3454910041,57.3653369003",45.43427777777782
http://www2.statsbiblioteket.dk/mediestream/avis/record/doms_aviser_page%3Auuid%3Af2c0da5b-4fbb-46dc-9661-f64ebd875488,doms_newspaperCollection:uuid:f2c0da5b-4fbb-46dc-9661-f64ebd875488-segment_4,1790-08-13T01:00:00Z,48.2,0.518,"Engelfki- Rustninger vare for anseelige, at man kunft holde dem for bestemte ril Hstei soen. Ester denne Rap. porr blev selg-ndc Decrcr rager: 1) Fremmede Troppers Passag, igiennem der franste Geb!"" ku, i Fslge Decretcr as 28de Febr. . allenc bevilges ved et Decrer fra det lovgivende Corps; altsaa cre de as KrigSftcrerariatet til Commandan« danrerne herom afsendte Ordrer at ansee som uafsendte, o; Nationalforsamlingen forbeholder sig hvad den vil fastsat« i Anledning as den Hsterrigste AmbassadcurS Forlangende om Troppernes Jgienncmmarch . naar samme bliver >111, dirrettet em disse Troppers Antal, Vaaben og March, orden. 2) Kongen stal bedes om at befale, at Folkeret« ten bliver rrspeckcret, og Handel, n paa Maas bestyttcr. z) Borgerne paa Grandserne stulle bevabnes. og de dernl fornodne Vaaben forfærdiges i alle Landets Gevrrhrfabrikcr. Herrugen af Aiguillon segle ar overtyde Nationalforsamliii' gen om, at naar Hst.rrige og Preussen havde flurrel Frcd, vilde de undrrstorte de tydste Fyrster i Eisazi deres Fordringer, ar Sardinlen , Preussen, Osterrige, Spanien :c. , vare imod den franste Revolution, at der allerede havde reist sig sig Opror i Frankriges syd lige Prvvindser , og at det altsaa var farligr, at tillade fremmede Treppcrs March igiennem det franste Gebet. Tillige blev taler om e» Angivelse, der var riljendr Graden Ectte i Langvedoc, hvori man qiordt der til en Vished, at Spanien, Sardinien, Osterrigeeq Preussen arbejdede paa en Coiirrarevolunon i Frankrige, og ar Prindftn af Condc stulde vare Generallissimus. — Hr, Fretcau var meget bekymrer for, ar Engelandernes stor« Rustninger, og de Tydste Tropper , som efter Foregivende stulle marchere imod Lsirrich. kunde maastee vare bestem« mod Frankrige. Han raadcde derfor til Aarvaagcnh-d , eg ar udnavne en Commisslon, der stulde undersoge de imcll.m Frankrige og andre Magter værnede Traktater. Dette blev og decrercret. Bicomte de Noailles sagde , at Frankrig« kunde holde Siand med Holland, Savoycn, Vstcrriae, Preussen :c. Asterriac havde kun 5 5 Millioner, vgPreus- sen kun 5 Million Jndvaanere. Adffillige Fremmede os Rang, som have bivaancr Sessionerne i tisse Dage, cre blevne overbeviste om ar mange af denne Forsamlings Lem- mer have endnu sårdeles besynderlige Begreber om Stalssa- ger. — I en af Krigsministeren udgiver Plan har han stgl at bevise, ar Frankrig« bor i Fredslider i der mindste havccn Armee as 150020 Mand. Dcnn Plan er i Naiionalfor- samlingen bleven oplast, men sidstnævnte synes endnu ikke at vare noksom bevandret 1 disse Ting. Snck.)olm, den ZOteJulir. Fra Svvolax er kndlob.s den Efterretning, at Russerne have bcmagllget sig en Postvcd Davidestad , og deel? nedsal"" ler decls tager til Fanger et Corps afvore Tropper, derinrcti vidste deraf. Blandt te Fangne befinder sig Eavirain Adnn! sparre, Licutcnanr von Sillen og Corner Silfverstolpe, tilligemed 50 Dragoner. Det Finske R.servccorps forlob denne Commando ved del forsi. Ang-eb. Kongen opholder Pst «nbun j Syenlksuph cg Hertugen af Syndcrmgnlrmd i",doms_aviser_page:uuid:f2c0da5b-4fbb-46dc-9661-f64ebd875488,doms_aviser_edition:uuid:985aa27c-6c57-4bca-9267-dfab388ce451,doms_aviser_title:uuid:d2fb0e80-4d6a-40a2-8b85-02f40b298372,berlingsketidende 1790-08-13 001,berlingsketidende,2,1,København,Frankrig\nTing\nLem\nSpanien\nHolland,"10.3426132261,56.3014420551\n9.68804668151,56.0925269907\n8.57817548367,56.4319505845\n8.38596179655,56.0272454341\n10.0623801343,56.5034221453\n8.78419096919,56.5921653596\n9.19733549203,55.0167306803\n9.61633023475,55.9505097655",-7.6145833333332895
http://www2.statsbiblioteket.dk/mediestream/avis/record/doms_aviser_page%3Auuid%3A002bf697-ec69-4d9d-bc86-7f74828bcf60,doms_newspaperCollection:uuid:002bf697-ec69-4d9d-bc86-7f74828bcf60-segment_1,1790-09-20T01:00:00Z,43.3,0.567,"1\nVi/er: Fred r i f, Fokkers Hrerke'har.\n»e« a« fremme / rrg »il fkafcr,\nJa ! leq »eed den gode Doraer, Neie Deel i Skridrer tager, Som afvender twine Sorger, Oj mit sandeBei til Foi inaal Sar.\nDet er mit Valgsprog til F > e d r i k»\nBehag.\nPauken er konaetiq, Skabt fer Prinds Frederiz.\nSode Ord fra elsttc L«be ! Kroners Pragt var ofte Plage, Hoffers Glands en Boble liig. Pi vil stnrbe, bedste Mage! Folk at qiore lykkelig. Det er mit Valgsprog naa Jvdtd, gets Dag.\nAt giere lykkelig. Det er guddommelig.\nGid hver maa smage kivets oyst, Fra GronlandS Ils til Elvens Bredder !\nOg hver Dig kalde O a n n e b o d !\n?>id hver maa lknde savnet Proft. Fra Draveiis Bn-x til Hudsons Sorsder ! Og hvtr Dig kalde Fretegvd! C h o r : Tic nn Sarpcus Foss! vi svnge. Stille Nordhav ! »i os klynge Tet i Banneveuners Kreds. Erag , I gloende Metaller ! Kun kil Fryd, men et til Skrcrk ! Flam (du kyst Ild !) i Lhrystallrsr, Slyng med Ildstcift Navn i Trcrk- Svcil dig Socl ! i vore 5)ave, Skiul o Skye ! de Clsttes Grave, Viiizcl Rygte far omkring Denne Klodes store Ring, Og iorkmid de sierne kande, Og forlast de Rige Strande : Wgte Dannevenncr her Sang om Fredriko Brudeford! C h o r a l : Smelt i GladeS-Taarcr hen , Land , som 5)crren saa udmcrrker! See! Guds Ven, dit Folkcs Ven Danner sig rit Kongd.Verker ! NordenS Haab, Prinds Frederig! Gud skcc evig Tak for D>g ! Ovcrlroens Taaac svind ! Flyer, I kaster! bort sraTbronen! SEdlc Dyd ! tag Reget ind ! Sandbed zire Danne.Krcnon!\nSov de unge Arbejdere paa Uardefabrike,t oz i\nSpiudeffolen. Hor! veid I Nyt? ror Tlronprinds, som I yrde Dagorirere ansecr for Land.ts Srot, tzan ager nn med Bruden ved sin Side , Og forer Hende lud paa Kongens Slot. Hel frist! kan vi ved Flittighed Ham tiene, Da stal vor Rok og Verktoi qaae saa rass: At Vinger kom paa Fngre og paa Tene, Og alle dovne lcrggcs hen til Bast. Vel er det sandt: en liden Stad er Varde: Men lnaaffee man med Tiden sige stal : Den storre blev ved Kuudstab om en Kårde, Svin man kun for fra Holland holdt til Fas. Naar kunS enhver, som Fredrik tanke vilde. Da kom vort Verk snart i et heldigt Spil: Da gik der frist! men det er saare ilde: Al mange ci som Fredrik tanke vil. Men »eed I hvad? I Drenge! og I Piger! Om Nidingcr vi ei bekymre oS, Vi stal, vi bor, vi vil (en Skielm som svigerj Arbeibe flittig , Hindringer tit Trods. Dog maa i Dag vor Hiul og Redstab hvile, Den gode Prinds oS ci fvrtonke kan Om vi nu til »skyld g Gladstab ile, Og synge om den storste Dannemand ! svekienvtzirelse. S errtair Ehrhart, boende paa store Liobmagergsdc No Ri og 83 forste Sai, agter med Oelrberma ived« Begyn- delse at uvdervise vngc D-andsvik i Rigning, Skrivmn,', tydst og fraul? Sprog og Sorrelvondence, Geograppre cg Bvghoi- dcrie, cm Zormi?dagen fra 10 (el 12 , oi vm ?sttrm ddaaeo fra z «>! c » for billig Betaling. Antallet as de ko-tude stak ikke overst gr 8 i enhver K-ast-, og behage de, som vil t-mj.'K sig al d unc hans U-dervi-Sning , at lod« sig tegne hos ham luden bemeldte Tid, da Vilkasrcrne, paa hvi.ke hg., antsger Eleverne, forevises. Hos mil ku biismmeS alle Sorter Taudborfc- , so« ere vaa det hest« indrctkrdc efr:r Munden, og alt andet Bo«.- stenbinder- Brde de , lamt of d- saa kaldtd- B ankborst-e til at stlle Glan« paa S.'svler med I. St-ob-uso, boende saa store Klpdmagergode hos Hsf Glarmest-r Clcules No. 82 og 8.3. kund, som den tit- August flsst talcte med ,n Dame paa Morsnos, sem der var i Laud tra Paketdaaden, er nu hjemkomme: i Farv-gaden Ro. ;g , og kan handles med ham, om det omtalte Gaardtiod.\nMufirms Sar?: t Apolht Tatfcl ved det Kongeiige Th««»et\n»t H. Thaarnp, med ti hdrende Mu.Ok af Kapelineiter Schultz, tv ges for 8 SU, hos Hr. Hegelund i ftore Haetgc(!r$de 02 S Sorin;chfen i Adelgaden No. 308, I Skindergade Uo, 73 gives Undorvtisning i at Ifriv« «n surlig engels? sg dansk Hagnd, ae regne ftrm",doms_aviser_page:uuid:002bf697-ec69-4d9d-bc86-7f74828bcf60,doms_aviser_edition:uuid:74a37a2a-9afa-48b2-abbc-aaf98b7a4b2a,doms_aviser_title:uuid:39fa5737-c2a9-4d5a-988e-c260f24cd76b,adresseavisen1759 1790-09-20 002,adresseavisen1759,3,2,København,Varde\nNo\nStrande\nHegelund\nHo\nSlot\nSode\nKlode\nHolland,"8.48576655931,55.6205222931\n8.48446354103,55.6157544362\n8.31789315769,56.1120215288\n8.16206504918,56.569027834\n9.82098979613,55.527987396\n8.2229602027,55.5526707867\n8.79563436995,57.002304365\n9.0181692891,56.4831936866\n9.62840880427,55.2228547874\n9.01014033675,56.8184772803\n9.61633023475,55.9505097655",50.142777777777795
http://www2.statsbiblioteket.dk/mediestream/avis/record/doms_aviser_page%3Auuid%3A5cda2fba-0b1b-43ca-8008-b4a0ae2f5553,doms_newspaperCollection:uuid:5cda2fba-0b1b-43ca-8008-b4a0ae2f5553-segment_1,1790-11-12T01:00:00Z,52.1,0.479,"Benten ZAelS Pedersen Troqstad i TotenS Prastegield, Christians Amr, AggerhnuS Stift ; mendaSelstabetend- <m ikke har ubflra!' diffc Premier til Norge , faa har den ikke kunder komme i Betragtning. For skadende Vand« Afled- ninq fra Ager og Eng i Dannemark, ester Premie-Listen for 1788 og 89 tilkiendes : A. Afde sor Dannemark i Almindelighed udfar« Premier: 23. Gaardmand Mad« Skytre til Skyttegaarden under Baroniet Brahetrolleborg i Fyn, har Aarene i788 og 89 gravet 336? Favne Grsster, 2 Alen brede cg 1, 2 til 2 Alen dybe, hvorved er ndtsrret en Mose «fi2 Skiepper Land. Desuden har han gravet og oprsd det nogle andre Moser, som hidtil have varer begroet med Siv og Elle-Rodder, as omtrent 2 Tsnder Land« ørcrreije, hvor han i 1788 har avlet 7 Lispund Hør. For dettt Arbejde tilkiendes ham den udsatte tredie Premie af den isteØolv- medaille eller 20 Rdlr. 24. Fastebonden Christen Madsen tEilstlivvBy«, HaarSlevSogn, Schoudye Herred, i Fyn , har i de z sidste Aar gravet 550 Favn: Grøfter, somere2, 2 og nogle 4 a 5 Alen brede, og 1 til 2 Alen dybe, hvorved »revundne 5 Tonder Land t-t Eng , Agerland og Torveste-r. DeSuden har han i stmme Tid sat 30 Favne Steengierder, samt indhegnet sine udst.stede Jorder med 900 Favne dob- belte Jordvolde; Tid ester anden opfyldt et Morads og der anlagt en Humle-Have , hv?st sårlig avles i z til 1 6 Lispund Humle ; plantet 400 til 450 Stykker Pile, samt 30 Favne levende Gierder. Herfor lillagges ham en Belønning af 12 Rdlr. 25. Gaardmand Ole Jensen i Lidse By« og Sogn, Smerum Herreb, paa Kjøbenhavns Amt, har i Aarene 1787 og 88 gravet 324 Favne Grsster, iZ Alen brede og 2 Alen dybe, hvorved han har forbedret sin Englod fra 10 til 20 LasHse. Desuden i samme Tid vpsak96 Igv- ve dobbelte Steengierder, hvortil Sicneneere opbrudte paa en Slrakning af2o Tdr. Land, som derved er bleven meget forbedret. Ham tillagges herfor en Belonmng af 10 Rdlr. 26. Gaardmand Ra-mus Hansen i Lidse Dye og Sogn , for- bemeldte Herred og Amt, har i Aarene 1787 og 88 gravet 544 Favne Grsster, 2 til 2z Alen dybe, hvorved 4 Tsnder Agerland tilligemed Engbunden er bleven meget forbedret, faa at han der kan heste 12 LasHse mere -nd forhen, lige som og han« Torvestiar derved er kommen i god Stand. Herfor tilstaae« ham en Belønning af 8 Rdlr. 27. Huu« mandene Christian Lauridsen og Christen Hansen paa Hrsbierg Nedre - Mark i Kierte Sogn , Baag Herred , Assens AmkiFyn, som i 1789 have gravet 98? Favne Eros« ter, hvorved en Most af i Td. Land cr giort duelig til Eng- dund, tilkiendes herfor en Bclsnning af 6 Rdlr. Desu- den have fslaende asket Pr.mre for Vandgrssters Gravning : Gaard-mandene Niels Olsen, Daniel Povelstn, Jens Nielsen, Lars Andersen , Mad« O!sei» og Mad« Pedersen i Dramstrup Dse, Norre-JerlsseSvgn, paa Holbeks Amt, have i 1787 graver 3454 Favne, hvorved Ager og Eng er kloven meget forbedrer; men da Arbeideter er Aar for sildig anmeldt, kaa hase de ikte tandet komme i Betragtniug, men",doms_aviser_page:uuid:5cda2fba-0b1b-43ca-8008-b4a0ae2f5553,doms_aviser_edition:uuid:0233a069-842d-4b53-8bb8-7a227fb2cf99,doms_aviser_title:uuid:d2fb0e80-4d6a-40a2-8b85-02f40b298372,berlingsketidende 1790-11-12 001,berlingsketidende,14,1,København,Norge\nMose\nElle\nBrahetrolleborg\nDramstrup\nFyn\nNorre\nAssens\nAger,"9.80491708262,56.5093821893\n11.709470024,55.7678578511\n10.5045131432,55.2297289412\n10.1725971367,56.0647950244\n10.3509633981,55.1531050719\n11.5865431236,55.6581487802\n10.2574720861,55.3592919348\n11.4042964998,54.7321627491\n10.0586531908,56.6756005545\n9.89975747667,55.2687478194\n8.27012497368,56.5792863856\n8.16670092486,56.5624733541\n8.65113614138,55.9533990612",8.91891666666664
http://www2.statsbiblioteket.dk/mediestream/avis/record/doms_aviser_page%3Auuid%3Aef15e322-19a0-42f2-bbc1-15feac4d1d0a,doms_newspaperCollection:uuid:ef15e322-19a0-42f2-bbc1-15feac4d1d0a-segment_1,1790-11-16T01:00:00Z,44,0.56,"For Steenaierders ©Ætniug i Dannemark, ester Premiclistcn for 1 788 , tilficndes: e. Af de for enkelte Personer i Almindelighed udsatt« sterre Premier. 35. Arvcfastcrcn Hans Ho'm paa Gaarden Holme/ land under Baroniet Brahetrolleborg i Fyn , har i de 2 sidste Aar paa sin udssistcdc Jord af opbrudte og sprerngte Steen opsat 4,0 Favne dobbelte Steengier- der, 9 Qvart. hsie og 7 Øravt. brede, og desuden af sin Jordlod opbrudt Steen tjl 100 Favne , so ur end', u stal sattes. End videre har han udgravet nogle Moser af 2 Tdr. Lands Storrclsc, smut tiort Jord paa i-Z ?d. Land St«r Mose, som derved er bleven til god Egn;' indrctttt tvende Vandstcder, samt plantet 100 Kirsc- berrtrercr i sin Hauge. For dette Arbejde, men især. for Stcengicrderne, tiMendes ham en Prcmie af den anden Guldn'icdaille eller 50 Rdlr. 36. Hoveriebondcn Niels Pedersen af Hviisagcr Byc og Sogn, Calloe Amt, Aarhuus Stift, hat i Aarcne 1788 og 89 opsat 40 Favne dobbelte og 5-5 Favne enkelte Stcengierder mcd Jordvold, 2 Alen hsie og 2? Alen brede. Desuden har han sat 162 Favne dobbelte Jorddiger og zoz Favne enkelte med Grosc; sloifet endeel Bakker; opbrudt endeel Ager Reener, hvorved han har formeret sin Udserd aarlig mcd 1 a 2 Tdr. Herfor stiklendes ham c» Prcmie af den sorste Eslvmcdaille eller 20 Rdlr. Hr. Etalsraad Bartholin Eichel , Eier af Aastrup under Roschilde Amt, har i Aarcne >787, 88 og 89 for den stsrste Deel paa Bsndcrmarkcrne, ladet oprcisc 2763 Favne enkelte Stcengierder. Jhvor stor Agtelse Hr. Etatsraaden for disse prtisverrdige Foretagender fortiener ; saa har dog ingen af de udsatte Premier herfor fundet tilkiendes, da Attesterne have de Mangler, at de ikke oplyse, om Gierderne ere forsynede mcd Jordvold , ej hcll r gotgisre, at intet Hoverie vcd G'ierdernes Op- serttclsc er forrettet, hvilket Selstabrt i Prcmie- V.lkaarcne udtrykkelig,« har fordret afJordcgvds- Eicre, som ville aske Prcmie for Stcengierder. ' ' b. Af de for Bondestanden alleuej stiftsvi'.s udsatte Premier: I Siellando Stift. \\ 37. Hoveriebondcn Peder Maren ssen i Sebbernv, Sonderstcd Sogn, paa Holb ks Amt, som i Aarcne 1 1786 og 87 har o isat 429 Favne enkelte Stcengierder und Jord,v>l? , 10 Qvart. hoie, liikicndcs d.n udsatte fsrste Premie af 15 Rdlr. z8. Fæstebonden Svend Jngemandsen i Hargendrnp, Grasted Sogn, paaCronborg Amt, som i 1788 vg 89 har opfat 1 8 Favne i obbeite cg 326 Favne enkelte Steen- gierder mcd Jrrdvvld, dcn »»dm Prcmie af 12 Rd. ! 39. Gaardmand Riels Olsen 1 Dramflrnp Bye, s N-erpJer'-le Sygn. m Hylbrks Amt, fyr i 178a at",doms_aviser_page:uuid:ef15e322-19a0-42f2-bbc1-15feac4d1d0a,doms_aviser_edition:uuid:25c7cc89-4888-4f24-8f8e-4b0e76aff89f,doms_aviser_title:uuid:39fa5737-c2a9-4d5a-988e-c260f24cd76b,adresseavisen1759 1790-11-16 002,adresseavisen1759,7,2,København,Mose\nHo\nHolme\nBrahetrolleborg\nAastrup\nFyn\nAger\nHauge,"11.709470024,55.7678578511\n8.2229602027,55.5526707867\n9.40232556897,56.7882275319\n9.06445668544,54.9824376212\n10.1811459832,56.1111327875\n8.75186921768,56.8177639304\n9.69428804852,56.5285486202\n9.97400353631,55.3981751211\n10.7495890556,56.2401524175\n10.3509633981,55.1531050719\n11.8031964271,55.6205052562\n10.2574720861,55.3592919348\n8.27012497368,56.5792863856\n8.16670092486,56.5624733541\n8.65113614138,55.9533990612\n9.07862187515,56.1063505234\n8.62388414686,55.7477816464\n10.4064813285,55.435170176\n9.4943389048,55.8323825843\n9.36100627864,56.2578159798",-0.33171428571428513
http://www2.statsbiblioteket.dk/mediestream/avis/record/doms_aviser_page%3Auuid%3A69fe447a-25e2-49d7-97ca-1625c7de5777,doms_newspaperCollection:uuid:69fe447a-25e2-49d7-97ca-1625c7de5777-segment_6,1790-11-19T01:00:00Z,42.6,0.574,"Helsinaser, den 19de November. Fra den 12te httftis ri! .Dag ereialr 136 Skibe passerede Sundet, de sieste staAsiersoen. I Onsdags Eftrrmiddaq kom 2de Danske Vestindiesarere herri' fra Kiebenbavn , nem« lia Capit. Klein og Harder, som i Gaar aik til Nvrdssen. I Dag gaac de andre her liggende Skibe ligeledes derhen. Kisbenhavn, den 19de November. Under 19de Novbr. sidstlcden haver fokgcndc StadsCapi« tainer i Bergen nvdt Kongelig aklernaadigst Csnstrmation paa d res as Magistraten udstædtc Bestallinger, nemlig-: Capitain Christian Ameln; Percr S. Sesunc ; RollossGre« ve-; JsrgenBrnnchorst; Hans Marrmann; Henrick) Mol« ler og Christopher Kahrs. Fovtsaettelse af Fortegnelse paa de prcmier og Belønninger, som der Rongel. L.andiinnsl)olding«» Seiftc.d den 23de Dctsber sidstleden uddeelte. (Sce No. 92.) Desuden have meldt sig: Gaardmand Rasmus Jinsen i Schvustcd, Baag Herred, Assens Amt, som bar planret 738. Favne. Selvejer Rasmus Pedersen t.! Dgmgaarden i Wosflmge Sogn, Sruaaard« Amt, som har planter 64c, Favne, og Gaardmand Christian Lrdersen i Schostruv Bye, Orte Sogn, under Grevskabet Gyldensteen, som i 1787 har plantet 216 Favne levende Gierdcr; hvi?s trende soo deres udviste Fhd i levende Gierders Plantning fortienep sff ntligen ar roses, men til Belsnning har deres Arbejde i Ligning med deres Med-ConcurenrercS , ei kunder komme i Betragtning. For SrcengierderS Sætning i Danmark, efter Premielckbcn for 1788, tiikiende«: ->)As den for enkelte Personer i Almindelighed- udsatte større Premier, zg. Ar- ve fasre ren Hans Holm paa GaardenHolnsiand under Baro- met Braherrelleberg i Fycn, har i de 2 sidste Aar paa sin uv» ssifrcd? Jord af opbrudte og sprængte Steen opsat 410 Favne dobbelte Slecngicrder, 9 Dot. hsie og 7 O.vt. brede, og des- uden af sin Jordlod opbrudt Steen til ico Favne, som endim stal sættes. End videre har han udgraver noalc Moser as <?!>? S> 2 Tir. Lands Størrelse , sarnr kisrr Jord paa i?Tdr. Land Srærmcse, som derved er bleven til god Eng ; indrerrec tvende Bandsteder', saml p'anret 120 Kirsebærtræer . sin Hauge. For dette Arbcide, men især for Stecngierderne , riikiendcs ham en Premik as den anden Guldmcdaille eller 50 R?r. z6. Hoverirbonden Niels Pedersen afHvi'sager Bye og Sogn, Callsc Amt, Aarhuus Stift, har i Aarcnel78Z va 89 opsat 40 Favne dobbelte og 525 Favne enkelte Stem- gjcrder med Jordvold, 2 Al. hoie og 2z Al. brede. Desutert har han sal 1 62 stavn« dodbeireJorddiger eg ZOstFavnr enkelte med Grosi ; sisifer enbeel Bakker; opbrudt cndeeiAger-Ree- ncr, hverv :d han har so.weret sin Udsæd aarliq med raz Tdr, Herfor lilkjcndeS ham en Prcmie afden ssrsteSsivmedailte eller 20 Ndlr. Hr. Erarcraad Bartholin E-ehel, Eicraf Aastrup under Nostild« Amr, hariAarene 1787, 88189 sot den største Deel paa Bsndcr:«!arkcrnr . lader oprejse 276; Favne enkettc-Srcengierdcr. I hvor stor Asrelft Hr. Erars- roadrn for delle priti.psltd!ge Fvnc-Zende ssrtttn»r, jaahae",doms_aviser_page:uuid:69fe447a-25e2-49d7-97ca-1625c7de5777,doms_aviser_edition:uuid:f8a9983d-295f-450a-ab8f-af2033e53468,doms_aviser_title:uuid:d2fb0e80-4d6a-40a2-8b85-02f40b298372,berlingsketidende 1790-11-19 001,berlingsketidende,3,1,København,Orte\nNo\nSundet\nGyldensteen\nAastrup\nAssens\nHauge,"10.088697899,55.3496606301\n8.31789315769,56.1120215288\n9.90250742924,55.8702400098\n10.2506900366,55.0997590232\n10.1458311407,55.5643712411\n11.8031964271,55.6205052562\n10.0586531908,56.6756005545\n9.89975747667,55.2687478194\n9.07862187515,56.1063505234\n8.62388414686,55.7477816464\n10.4064813285,55.435170176\n9.4943389048,55.8323825843\n9.36100627864,56.2578159798",34.516202380952386
http://www2.statsbiblioteket.dk/mediestream/avis/record/doms_aviser_page%3Auuid%3Aac28d955-3922-411d-9d68-31977d297f7e,doms_newspaperCollection:uuid:ac28d955-3922-411d-9d68-31977d297f7e-segment_4,1790-12-03T01:00:00Z,44,0.56,"til de » 'r rsendelfe med Posten allene privilegerede Kiobenhavnffe Tidender.\nFredagen , den zdie Deeenrber.\nfortsættelse assFortognelsen paa de Premier og Be« linninger, som det Rongel. Handhnuoholdings. Gelstad den 28de Oktober stdstleden uddrelte.\n(Se« No. 97.) Desuden «r indkommen med ZEjkning for lang og tro« Tien.stc; Zra Danmark: Tienestrkarl Andc?« Jensen ti«» nende Ho« Halvor Hansen i Nierod . Karlcb«« Sogn, Hirschholm« Amt i Sielland. Fra Norge: Gaardstarl Svend Nielsen Svalerod tienrnd« paa Gaarden Strube i Bergs Prastegield, AggerShunS Stift. Tjenestepigen Ma-ie SlSr.Sdotter . tienende sammesteds. Mane Jacob«- datter, klinende pacGaarden Orm-rud iFaaberg«Prastegi»ld» Guldbrande dalen, Aggerkhuu« Stift. Mc« da der for Tie- »estetyendeS tro« Tieneste »Danmark og Nora« ingenPremie« »re udsatte, saa have d« ikke kundet komme iDelrag-ning. B Overordentlig, Belønninger for Klid og Vindskibelighed uden for Selskabet« J>st>byd«lse. i.FvrZlidiJordbruacti Danmark: iz;. Gairdmand Anders Jensen Ravn »Ivr- drupByevgSoan, under Toldinghnu« Amt. RibeSrlse, bar af unyttig Skov opredder et stort Stykke Jord, og deraf b Merglet oa faaetiDrug z Tdr Land, hvorpaahaneAarct 1789 har avler 26 Traver Korn ; end videre opryddet rt Siykke Jord af suur og unyttig Hade til 2 Tdr«. Udsad , og vaa begge disse Stykker benso« over 600 La« Mergel. Des- uden har han anlagt en Vej. hvoraf 173 Favne deelS ere broe- lagte, deel« opfyldte Med Steengruu«, ligesom den og er for ynet m»d Taebro«? og 5 Render »il VandetS Trak. I de 2 sidste Aaringer bar han planret 2ooStkr.Pil«, fem erc i god Varr. For dcnnc Vindskibelighed tillagges dam en Belen- ning af i i Rdlr. i z<. Selveirr Jer.« Michelsen Kiar i Kat- truy Bye og Sogn. Woer Herred, Schanderborg Amt, Aarhuus Stift, har siden 1786 lader kaste og »pfsre >888 Favn« JnddegningSdiger, z Alen h»i» og ir Qvt. brede. Paa 777 Favn« deraf er planter levende Gierder, som cm meqer god Grove. Udgraver en anseelig Mos« , samr udsaaer K ooerhse. Herfor tillaggeS ham en Bclonmng af den anden Solvmedaille eller tv Rdlr. 137. Gaardmand Laureh An- »tlsin i Jordrup Bne og Sogn. <koldinghuu«Amt, Ribe Trift , har riiktobt sig «» Srykke suur Mose og He«d, Jord, hrsrafhan i de z sidste Aar har givrr Z Tdr. 6 Skpr. duelig til Ager, ved at paafsre der over 900 Lat Merg.l, hvorefter ban i 1789 har avlet zo Traver Korn og 1 Las Urter, herfor lillazgre ham en Belonning af 8 Rdlr. 1 z8. Bebo«! ne I.« Thomsen , Han« P derftu og P.der Pedersen > lille Knus«- tø', Jordrup Sogn T«ldinghuu«Amt, hav« nlu»br sig et\nStykke udyrker H«b< og Mose Land , bestaaende ofr Td. 7 Ckpr. Hartkorn, hvilket de have deel« saalede«, ar Je« Thomsen har faaet 6 Skpr., Peder Pedersen 6Skpr.o Han« Pedersen z Skpr. Hartkorn. Herpaahavedehverfor sig opbygt 1 o Kag Huu«. Med forenede Krafter have de op. kastet over 1000 L-« Mergel, og ved ar havei»aaf-rtden. saml Rødning, givrt duelig til Agerland og faaet i Drug Je« Thomsen 4 Tdr., Han« Pedersen Z Tdr. 4 Skpr. »g Peber Pedersen z Tdr. , herfor tiv-gqe« dem en Belønning af 17 Rdlr. , saalede« at Je« Thomsen erholder 6 Rdlr., Han« Pedersen 6 Rdlr. og Peder Pedersen 5 Rdlr. ?nd vider« have meldt sig : Gaardmand Gyd« Pedersen til Dyrgaard i Wamdrup Sygn, unders oidinghuuS Amr, simr for l 1 Zar siden har flytte, sin Ga»rd paa flet o, uduelig Jord , som han har forbedret ved at paafore den over l 200 L»« Mergel ; mn» i hvor rorSveerdig dene ent er, er det dog for gammelt ril at belønne«. Sognedegn Riel« Olsen til Hal« Degnebolig ve« Aalborg , har indhegnet er Stykke Jord af ii Td. Land med 50 Favne Diger, hvoraf 30 Favne ere beplantede med Hvid. torn, i sin Have plantet 4 Kirseb-r- 4 Blomme og 4 Affe. rraer, samr en Rekke Humle 100 Alen lang. svenden 10 Srkr. Pile. Han sortien« for dcnn« Flid ac rose«, ssionr Arbejder 1 Ligning med andre« ikke har varer betydeligt not til D.lonning. Selvejer Jen« HeFmengsen Bilde af Poll. ru p Bye, KiklbyemagleSoanpaaMoe«. hari I78;»a86ud' fl.-ttet sin Gaard. og inddeclt sine Jorder i 4 Marker , som hm har indhegner med 621 Favn« dobbelt« Diger og 364 Favne Grofter. Selvejer Han« Mortens-« sam« m sted«. har 1783 »g 84 lig-lede« ndfiortcr fin Gaard, tnddeelr Jorderne i 4 Marker og indhegner samme med 687 Favn, dobbelte Diger, 391 Favn? Grofter og 30 Favne en. kelte Strcngierdrr. Selvejer Han« Rasmussen Winther sammesteds, har -Aaret 1784 inddaeU sine af F»b«d?,dee udskiftede Jorder t 4 Marker, oq indhegner dem medgzg Favne dobbelte Diger. 34- Favne Gr-sler, samtziF vne enkelt« og 1 5 Farne dobbelte Srerngierder. Selvejer Jor- gen Jensen san-mested« , bar stden 1782 inddeelr fine udstif. kede Jorder i 4 S-rdemarkcr og indhegnet dem med 786F«vne dobbelte Digvr, 286 Favn, Groster »g 35 Farne enkelte Steenaierder. Disse 4 Mand« Flid forriener meget at rcfef, men Arbejdet er for gammelt til ar komme under Betragtning til Belonning. Selvejer Zorgen Jrns.n kil Lovgaarden paa Budding« Mark Gladsaxe Sogn. Si-lland« Snft , og Bonden Nelau« Sorensen ril GrSnnegaard af samme Segn, have hver isår lader grav, en Brond , som baad« Vinrer og",doms_aviser_page:uuid:ac28d955-3922-411d-9d68-31977d297f7e,doms_aviser_edition:uuid:468c6b9a-824d-47eb-9d1d-8772a3ccf4c0,doms_aviser_title:uuid:d2fb0e80-4d6a-40a2-8b85-02f40b298372,berlingsketidende 1790-12-03 001,berlingsketidende,11,1,København,Norge\nMose\nNo\nGladsaxe\nAalborg\nRender\nHo\nJordrup\nAger\nRibe\nGrove,"9.80491708262,56.5093821893\n11.709470024,55.7678578511\n8.31789315769,56.1120215288\n12.4669604826,55.7553527172\n9.93146311931,57.025292765\n9.91683917278,57.0428743893\n10.2470574026,55.3451458083\n8.2229602027,55.5526707867\n9.31057301961,55.5584155879\n8.27012497368,56.5792863856\n8.16670092486,56.5624733541\n8.65113614138,55.9533990612\n8.77693894995,55.3342849696\n8.77018340325,55.327586901\n10.1058798143,56.6402938056\n8.92931465856,56.6082612217\n9.03989528452,56.3135368849",17.207166666666666
http://www2.statsbiblioteket.dk/mediestream/avis/record/doms_aviser_page%3Auuid%3Af47a6ca6-e307-4135-bf85-e98f76865393,doms_newspaperCollection:uuid:f47a6ca6-e307-4135-bf85-e98f76865393-segment_3,1790-12-08T01:00:00Z,47.4,0.526,"pens Pra-stegield, under Bradsberg Amt, hart 1787 gravet 00 Favne Grsvter, og derved vundet 6 i Tdr. xand, hvorfor ham tillagges en Belonning af 4 166. Odelsbonden Abraham Erich/en paa Gaarden Miorlund i Totens Prasiegjeld, Christians Amt, har i 1789 gravet 154I Favne Grovter, og Derved vundet et Stykke Ager 8 ? Malingstænger fort, samt optagat af Jord begroet med Kratskov 2 Maal t-il Ager, hvorfor ham ligeledes gives en Belonning af 4 Rdlr. Foruden disse have meldt sig endeel, som ej ha, »e kundet erholde nogen Belonning. For at und, «aae Vidtløftighed vil Eelssabet ikke her anfore en, hvers Arbejde isoer, men allene anmerke, at d? alle «ngaae Forbedringer i Jordebruget. Aarsagerne, hvorfor de ikke have kundet komme Betragtning, ere: a. Fordi de ikke have meldt, VM de hos noget an, det Selskab have sogt eller agte at soge Belonning for samme Arbejde, folgende: Selvejer Iver Kieldsen paa Gaardcn Tomt, af Verst, bye Prasiegield , Ag ershuuS Stift. Gaardmand Aanon Elleffen paa Gaarden Borgen i Tveds Sogn, Christiansands Stift. Qpsidder Rolf Christensen paa Gaarden Kdegaar, den i Loms Præstegjeld, Guldbrandsdalen, Aggers- huus Stift. ' Skraber Carl Efteland, Strandstdder i Flekkefiord Nass Sogn, Lunds Prerstegjeld, Christiansands Stift. Mogens Rasmusten Barboe ved Arendal. Bonden Anders Olsen paa Hammerstad i Totens Prastegjeld, Christians Amt, Aggershuus Stift. Huusmand Ose Tostensen Tarud under Gaarden ' Waalen i Guldbrandsdalen, Aggershuus Stftt. Hans Erichsen Ncedrud til Molsted Krogen, i Totens Præstegjeld, Aggershuus Stift. M«gl« Frantz Tved i Christiansund Bonden Hans Gundersen Mvrcerud afTotens Pr«, siegjeld- Rebsiager- Mester Hans Jensen Weibye i Trond- hiem. Odelsbonden Mads Povelscn Laugmandsparten af Totens Præstegielo, Aggershuus Stifts",doms_aviser_page:uuid:f47a6ca6-e307-4135-bf85-e98f76865393,doms_aviser_edition:uuid:ba5f21d1-650c-4df5-a807-5152897b7518,doms_aviser_title:uuid:39fa5737-c2a9-4d5a-988e-c260f24cd76b,adresseavisen1759 1790-12-08 002,adresseavisen1759,2,2,København,Agger\nBorgen\nLund\nAger\nKrogen\nTved,"8.25199827,56.7806506164\n14.904393158,55.1859929168\n12.3252429005,56.0118586378\n12.2037701659,55.844513199\n9.56832946,56.5979811936\n9.01733446905,57.1072883932\n10.1882211989,56.4215787195\n9.05108101716,54.9578749722\n8.72753339538,55.7514965432\n10.0047703593,57.3762878597\n9.76685976966,55.8929134847\n12.3014101074,55.2413854707\n8.98410016235,56.5697565282\n9.24078022916,56.6036820747\n10.1909048942,57.4798999721\n10.792793466,56.3541528476\n11.6533343812,55.2797073299\n8.27012497368,56.5792863856\n8.16670092486,56.5624733541\n8.65113614138,55.9533990612\n10.1181822408,57.3600865504\n11.4468302877,55.3753307113\n11.4917372021,55.4944327824\n10.1925396376,56.4512958117\n11.4790952301,55.3818804592\n9.47745953118,57.1457909192\n11.8525167549,55.5552717859\n12.1209899884,55.3586102019\n9.91078444333,56.658558217\n9.18182465959,55.314143864\n8.84795339826,54.9470427924\n8.87357765398,55.4712054849\n8.68301086674,57.0529883573\n10.6220281701,55.0840467544\n8.80140850756,55.3335364202\n9.50920038348,55.482019237\n8.78832517941,57.0631372363\n8.81982430652,56.2586245492\n10.4374134623,56.1953715708",4.444444444444438
http://www2.statsbiblioteket.dk/mediestream/avis/record/doms_aviser_page%3Auuid%3Af47a6ca6-e307-4135-bf85-e98f76865393,doms_newspaperCollection:uuid:f47a6ca6-e307-4135-bf85-e98f76865393-segment_4,1790-12-08T01:00:00Z,47.4,0.526,"b. Fordi Arbejdet harværet for gammelt, folgende: Odelsbonden Mads Carlsen Hougland, i Lunde J Sogn , Stavanger Amt. Hunsmaud Christen Olsen paa Pladsen Torsetlien i Gusdals Pr.rstegjeld, Aggershuus Stift. Odelsbonden Ole Jonsen Wang af TotensPraste- gield, Aggershtms Stift. Huusmand Christen Evensen under Gaarden Son- "" dre L-mgseth i Faabergs Pr.rstegjeld, Aggers- huus Stlst. Gaardmand Peder Castensen Westre- Garve af T Spangeveid Sogn, Undals Pr.rstegjeld , Chri, stiansands Stift. c. Fordi Arb-jdet, i Ligning mod andres, ikke har va- ret betydeligt nok, folgende: Ole Olsen Trygsland af Bjellands Sogn , Lister Fogderie og Amt, Christiansands Stift. Bonden Tarald Gundersen Grosaas af Evie Pr.rste- gield, Christiansands Stift. Bonden Knud Ssrensen paa Gaarden Elshongen i Evie Prastegjeld, Christiansands Stift. Gaardmand Leiv Nielsen paa Gaarden Nedre -Wig- mostad i ssndalS Prasiegjeld, Christiansands Stift. Gaardmand Halvor Svendsen paa Gaarden Foss i Sølledals Prastegjeld, Christiansands Stift. Bonden Søren Pedersen paa Gaarden Mosland i Mandals Pr.rstegjeld, Christiansauds Stift. Gaardmand Tarje Tieransen paa Gaarden Helde« ren i Aaseral Sogn, Christiansands Stift. Gaardmand Mads Halvorsen paa Gaarden Om, bland i Evie Sogn, Raabojgdelaugets Amt, Christiansands Stift. Gaardmand Smund Henrichsen paa Gaarden Wa- rebergiAschse Skibrede, Stavanger Amt Chri- stiansands Stift. Fra Island have meldt sig: Fæstebonden Teit Hendrichsen paa Breiden inden Ak- r.rnrs Rep, som har sat 144 Favne Steengjerder. Fæstebonden Sivart Biarnesen paa Bredepart i samme Rep, 120 Favne Dito. Bonden Jon Eiolfsen paa Haamule i Rangervalle Syssel, 100 Favne Dito. Præsten Hr. Sæmund Halfdansen paa Barkersta- der i samme Syssel, ivr Favne Dito. Denne Fliid i Henseende til Steeilgjerders Sat- ning fortjener at roses! men da Hans Majestæt Kongen igjennem Rentekammeret uddeler Premier for Steengjerder i Island, saa har Selskabet paa Grund heraf forbigaaet dem. 3) For mekaniske Opfindelser og Indretninger, samt anden Konst- Fliid. 167. Machinisten Hr. John Smith heri Staden har »pfundet og fuldfærdiget en Ulaftine til at J spinde H?r cg Hanip paa. Ved at undcrsoge d<n-",doms_aviser_page:uuid:f47a6ca6-e307-4135-bf85-e98f76865393,doms_aviser_edition:uuid:ba5f21d1-650c-4df5-a807-5152897b7518,doms_aviser_title:uuid:39fa5737-c2a9-4d5a-988e-c260f24cd76b,adresseavisen1759 1790-12-08 002,adresseavisen1759,2,2,København,Agger\nLunde\nPræsten\nIsland\nGrund,"8.25199827,56.7806506164\n10.3520731117,55.4895774896\n8.3639844751,55.7561461661\n8.58465973885,55.5108494885\n10.5267235715,55.1350418822\n8.36879788108,55.7570515598\n8.74352972742,55.097991983\n11.4484729921,54.8826158795\n8.66884927398,56.9567290036\n10.2931522694,56.4651947577\n9.757801692,55.699493073",24.85809523809524
http://www2.statsbiblioteket.dk/mediestream/avis/record/doms_aviser_page%3Auuid%3Aa15e21a2-95e3-422e-bb6a-c078d8fbf414,doms_newspaperCollection:uuid:a15e21a2-95e3-422e-bb6a-c078d8fbf414-segment_3,1790-12-10T01:00:00Z,41.7,0.583,"velsen Laugm andspatten af Totens Prastegi.ft, Christians Amt, Aggershuus Srift. >>. Fordi Arbeidct har veeret for gam :.le, folgende : Odelsbcnden Mads Carlsen Hauchland, 1 Lunde Sogn, Stavanger Amt, Christiansands Stift. Huusmand Christen Olsen paa Pladsen Forserlien i Gu-dalS Brastcgie'd, Aaaershuus Stift. Odelebondcn Ole Jensen Wang af Totens Prastegield, Aggershuus Stift. Huns« mand Christen Evensen under Gaarden Sondre Lanqsftb i Faaborgs Proestegicld, AggershuuS Stift. Gaardmie'd Peder Castenf.n Vestre-Garv? afSpangevcid Sogn, Undals Prasicgield , Cbristiansands Stift. c. Fordi Arbejdet t Lig« ningmod andres ikke har varet betydeligt nok , folgende : Ole Ols n Trygsiaud af Bistand Sogn, Lister Fogdcrie eg Amt, Christiansands S'ift. Bonden Sarald Gundersen Gros« aaS as Evie Prastegield, Cbristiansands Stift. Bonden Knud Sorensen paa Gaarden Elshouaen i Eoie Prcrstcgield, Christiansands Stift. Gaardmand Leiv Nielsen paa Gaar- t en Nedre W igmoftad i Undals Prast aicld , C hrisii.11.sanl S Stift. Gaardmand Halror Svendsen paa Gaarden Foss , Solledals Prafj.-a.Hd, Cbristiansands Srift. Bonden Soren Pft rftn paa Gaarden Mcsland i Mandals Prcestc« gield. Christians.mds Slisk. Gaardniand Tarje Tiarandscn paa Gaarden Holderen i Aas ral Sogn, Cbristiansands Stift. Gaardmand Mad? Halvorsen paa Gaarden Om« bland« Evie Sogn, NaabojgdelaugetsAmt, Christiansands Stift. Gaardmand Omnnd Henrichsen paa Gaarden Wa« rebcrgiAsch?? Skibrcde, Stavanger Amt, Christiansands S :ift. Fra Istmd have meldt sig : F-stebonden Teit Hen« drichsen vaa Vceidcn inden Akramrs Rep, som har sal 144 Favne Steengi.rdcr. Frestebonden Sivart Diarneftn paa Bredepart i samme Rev , 1 20 Favne Dito. Donden Jon Eiolfsen paa Ha r. mule i Raugervalle Syssel, lvo Favne Dito. Pr.rsien Hr. Sa'.nilnd Halfdanscn paaBarkerstadep i samme Syss.l, 101 Favne Di! 0. Denne Flid i Henseende ril SteengierderS Sletning, fortiener ar rose«; men da HanS Majestat Kongen igiennem.Nemekammeret uddcl«? Premier for Stecnaierder 1 Istand, saa har Sttikabel paa Grnnd herafforbizeact dem. z. Fer mekaniske Opsinde'ser og Ind- retninger, samt anden Kcnstflid: 167. Machinisten Hr. Iobn Smith har i Staden har opfundet va suldfeerdiger en Maskine til ak spinde Hor og Hamp paa. Ved at undcrsoge denne Machine har Selstabec befundet, at den har der tilsag« Icé med te S pinde-Maskiner, som bruges i Domuldtmann« facturcrne, at Horrcn og Hampen ligesom Bomulden man passere imellem sierc Vallscr; men 1 ovrigt er den asen nve Coustruction, og i vasentlige Omsteendiglicd.'r eg Dele for- tkiellig fra de hidribekiendte Spindema, diner, og saavidt Sclikabct vi d , tilforn ikke bekicndt eller 1 Brug. Makincn spinder paa 4 Tcener Garn af forfFitllia Fiinhet og S nenina, alt csicr Hensigten og den forehavende Anvendelse af Garner , som i ovrigt er jevnl og ns langt mere Styrke, end der som spindes med Handernc , hvilket t.og efter Maskinens Con« striistivn nodvcndigmaae blive 0da aije Hor cg Hamprrevler ikke, som vid den s«dvanlige>S pindemaadt, komme tii « ligge",doms_aviser_page:uuid:a15e21a2-95e3-422e-bb6a-c078d8fbf414,doms_aviser_edition:uuid:90ef2f08-d29f-4555-b490-85514a38149c,doms_aviser_title:uuid:d2fb0e80-4d6a-40a2-8b85-02f40b298372,berlingsketidende 1790-12-10 001,berlingsketidende,3,1,København,Hampen\nFaaborg\nLunde,"9.35555546232,56.0177486961\n10.249283632,55.0953698188\n10.3520731117,55.4895774896\n8.3639844751,55.7561461661\n8.58465973885,55.5108494885\n10.5267235715,55.1350418822\n8.36879788108,55.7570515598\n8.74352972742,55.097991983",13.27266666666666
http://www2.statsbiblioteket.dk/mediestream/avis/record/doms_aviser_page%3Auuid%3A0f742352-0eb8-4e7d-9430-4341ff58ccbd,doms_newspaperCollection:uuid:0f742352-0eb8-4e7d-9430-4341ff58ccbd-segment_4,1790-12-17T01:00:00Z,46.9,0.531,"Kiøbenhavn, den 17de December. Den 1 3de August d. A. tv Candidaius rheolvgia Nieofau« Funck allcrnaadigst bestikkel til AtjiincluS ved det Aftonaiske Ministerium og ril Afrenfangs-Prast ivttensen. Den ;die September cr Pasror Johansen i Boel kalder til Pastor i Jern stedt , Amtet FlkNiborg; Pastor Bendixen 1 Halling, ftcer til Paster iDoel; og Pastor IowerS i Nordmarsk til Pastor i Hollingstedt. Høieste-Rets paadømte Sager : No. 164. JasobSchan« drup, contra Niels Mich.'sen Feldr. No. c 66. Kiobma >d Lauritz Schaarup cg Byesogcd Bramer, c. Birkedommer Klein , som Fuldmagrig for afq. Skipper Teilman« Enke og Arvinger med flere. No. 167. Kiøbmand Sørensen, c. Forvalt -rKiersing. No. 170. Thomas Laursen , c. Grev« inde Holck mcd nu havende Mand Kammerjunker von ter Lyhe. No 172. Ritmestcr Hcnrich Fischer, c. Peder Gie'led. No. 175. Niels eg Lars Hastrup, c. Christen Sørensen. No. 248. Ingeborg Hedevig Sad, c. Mosse Kirkes Direcrcurer. No. 334. Secrctair Peter Hcrsleb Aagaard efrer Kongrl. Befaling, c Delinqv, „tinden Karen MonSdatterfra Norge, som for 3de gange beenael Tover, e er dømr at straff. s mcd Tugrhuus-Arbeide i 5 Aar. No. 336. Proc. Hans Haaqcn efter Kongel. Befaling , c. Delinqvemen Hans Henrich Pee- moller fra Sielland , som for begangen Indbrud og Tyverie, hvorfor Delinqoenren er dønit ar kaqstrnges vg arb«t)e i Kiv- benhavns Fastning Liveiiid. No. 338. S'etair Peter Hersleb Aagaard efter Kongel. Befaling, c. C\\! den Bastiane Erichsdarter fra Norge, hvr> ; . 0 inden for begangen Tyverie er domt til Tuacl 1 Aar. No. 337. Proc. Caspar Goktlob Sch.mtr . , ... Defalmg, c. Del. Juger Olsdatter fra Si- ll.nit «> t.:t R. de Barnefødsel 1 DølgSn.aal cg Fosterets Ombring, lfe, .c dømt at miste hendes Hals og hendes Hovedakserne? o,a eip Stage. No. 158. Jacob Hansen, c. Tømmermester W-in« brenner No. 176. Stephen Mogensen Bnr, c. Can» ccllieraad Mads S peitzer. No. 60. Auskultanr Peter Lau- r>tz Christopher von Schindel, c. Jøden Levin Caen. No. i6j. Friderich Schyum, c. Kiøbmand Engclbret Brinch. No. 195. Johanne Maria asgangne Glarmester Bolchers Enke, c. Kammerherre P-ler Ulrich Friderich Bentzon. No. 206. D.dend) Funch, c. Hans Lerche Schouboc. No. 122. Anders Nielsen, c. Proprierair Eggers. No. 203. Kanimer-Advocaten paa Embeds Vegne , c. Peder P»< dcrsen og nu asg. Søren Frandsen. Nv. 344. Proc. Cbri« stian Bagger Brorson efter Kongrl. Befaling . c. Del. Mar. ihe Pcdersdalter fra Norge, som fer begangen Tvvcrie er dom: at arbcide i Stiftet« Tugtknus i 3 Aar. No. 345. Proc. Rasmus Lange efter Kongel. Defatinq, c. Dcl. An« derS O, sen fta Norge, som for begangen Tyveric er toml ar arbeide i »armest« Fastning i 4 Aar No. 346. Serre-mr Peter Hersleb Aagaard efrer Kongel. Befaling , c. Del. Jo, ran Erichsdarter fra Norge, som -or begangen Tyveri, er domt at arbejde i Stiftet« Tugthuus i i Aar. No. 13. Ae« (istuit Jens Høst, c. afg. Skibecapitam Frigastce St<irh. .",doms_aviser_page:uuid:0f742352-0eb8-4e7d-9430-4341ff58ccbd,doms_aviser_edition:uuid:642fd973-e9b2-486b-836f-f242bbf659de,doms_aviser_title:uuid:d2fb0e80-4d6a-40a2-8b85-02f40b298372,berlingsketidende 1790-12-17 001,berlingsketidende,3,1,København,Norge\nNo\nHalling\nHastrup\nBoel\nLevin\nHedevig,"9.80491708262,56.5093821893\n8.31789315769,56.1120215288\n10.2204154616,55.9295008706\n10.1894083761,56.3349056769\n10.0003531061,56.5374680857\n8.30510354635,56.3484676848\n10.5203029975,55.9729648143\n10.2123216346,57.5156933117",-14.978333333333351
http://www2.statsbiblioteket.dk/mediestream/avis/record/doms_aviser_page%3Auuid%3Aef6b26bc-920a-4ee6-952c-f32af08e3dbc,doms_newspaperCollection:uuid:ef6b26bc-920a-4ee6-952c-f32af08e3dbc-segment_1,1790-12-20T01:00:00Z,46,0.54,"aarsagit/ ns Jacob Just Gubenrstth , medM-reo: jus femper qvælilurn ell sq vabile , r.eqve eniin als-er jus ellet ; faldes heftet for >6 si. hos Boghandlerne, Hegelund I stofe Fargestrade , Tikiob paa Hiornet af Gothersgade og Regne- gade, og Poullen i Antvnistrade No. 424 og 425. hos Boghandler Buch paa Norreqade No. ag; be: ommes solgende af 5)r. Birch, Sognepræst i Glostrup, til ling- domniens Nytie oq Fvrnoyelse udgirne Skrifter, nenttig: Ny A B T eller Slave- og kassebog nied 12 Kobbere 2 indb. 40 . , uden Kobbere 8 si., indb. >2 si., Skrivv. med illuminerede Kobbere 6 Mk , indb. til svrskiellige Priser. Dydelcrre for Bor« i Tankcvers og bibelske Sprog, indb 8 s Morgen- og Mtenbonncr og Psalmer tor Born , utbb- 8 a iof. Lomincbeg for Born for Aar 1790, indb. 14 a >6 si. Dito oden Aarqang for Aar 1791, indb. >8 a 20 i Udlog as den bibelske Historie 10 a 12 si. Sammesteds salgcs Morke- taler og ankre 'arcriqe Sporgsmaal tit Brug for vittiae og estcrianksvmme Born ved Riber, indb. i« si. Euphemivii eller det unge Menneske, som danner sig csier gode vg solge« vaodiae Ernnpler , >6 6. , indb. »o . Feddersens Excmoler paa Viiodom oa Dyd af Historien ic. , 2 Samlincxr 4 Mk., indb. 4 Ak. Moralsk Dnkketoy for Born , ester Historier og Samtaler :c , 12 si., indb. >6 (i. Nvtaarsgavc for Borgeren Bondcrborn , ind. 4 si. Nv'aarsverS til alle Aar, 8 si., indb. >o si. Nye kafe- og Tanke Vvclser for mindre eg storre Bern, indb. 24 a 28 6 Fra Pressen er udkommet: Historisk Oplysning vin den Wodrotke Seyldugfabriks Skiebne. forfattet af Fabrikens for- rige Inspector H. Michelsen, hvilket Skritt faaes hos Bog- trykker Holm > store Fiolstrcrde No. 2 1 8 for 2 Mk. 8 fs. hefter. Hos Bogbinder M. C. Graae paa Ostergade No. 4? haves i Cvmmi sion at ialge: Algemeine Wel'.bistorie og det Deutsche Biblivthek , alle Delene al bvcr , for billig Priis. Niemeyers bibelsse Tbaracieristik, 5 Dele samt Jern- salcm? Breve, sske Deel: Don O.uirotte, 4 Dele! Dan!? Biblivtrek, 10 Dele; Evalds Skrider. 2 Dele; Martins naturlige Magie, ere at bekomme i Fiolstrade Ns. 209. Falst poltfil3 og flette Administrationer kappes mcb Tidernes Fordarrv at hdelagge Stater. Er Arbejd«, dicrertr af d-n snude Fornuft, bekrastek as Erfaring, og enhver R'gent, enhver Minister, ethvert -ankende Menneske helliget. Af Oarl Manderftldr. Salges be- standig indheftet vaa Pvstpaviir Ivr 24 s. Ercmvlaret , paa Da- ss eller Fran?, bos de Herrer Boghandlere, Agent Eol- denda! > Kiareboderne, Buch paa Nmegade, Hegelund i store Farrgestrcrde Sleinmann paa Kongens Nytorv, vg paa alle Borsens Boglader. .... . „ , .. ,, Fra Press.n er nu bleven sardia den danske Overscrltelse af den beromte I. G »uschs Vrnredrlsning af en rjistoe-e om ve merkratttgste Verdens Tildragelser 1 den nyere Tir re., efter den nyeste tydske Ildgave Dette Skrift, over hvilket der koldes Fvrelren neer til den plsslologiske Eramen »ed Uiiiversitcctet, er ikke allcne brnnbart for de S-uderende, men eg sarde'es ny'tigl for dep danlke va norffe Ungdom, ivm bestemmes 'il Haittelen, saa vel som for enhver, der onsscr sin en kammen! anaeude Kundskab om de nvere Tildragelser i Verden, oq de Forandringer , lom derved ere foranlediocde t Statsduus vldninaen , til Krigs asenets og Hande'enS Frem- vert og Flor i alle de ferri? ilte S'n'-r. Skriftet seclges hos Boghandler Buch paa Norregade No. 24; for? Ak., Skrivp. 0 Mk. XtlFigf-bs forlanges. A l koniel O l-gatione«, som tt raa et balvt »ff<» h'eli Ag, s Oi-sistils«/ Slyktti ty lmhtt Zvo vg stkt v»t, sow m-t",doms_aviser_page:uuid:ef6b26bc-920a-4ee6-952c-f32af08e3dbc,doms_aviser_edition:uuid:a176a76c-3450-45f6-90a8-0872155bc0ba,doms_aviser_title:uuid:39fa5737-c2a9-4d5a-988e-c260f24cd76b,adresseavisen1759 1790-12-20 001,adresseavisen1759,7,1,København,Kongens Nytorv\nNo\nGlostrup\nHegelund\nKrig\nHo,"12.585278966,55.6792192203\n8.31789315769,56.1120215288\n12.4034942828,55.6730882861\n11.6690425947,55.8430534832\n9.82098979613,55.527987396\n9.26238627273,54.8907965043\n8.2229602027,55.5526707867",50.45094444444441
